movieId,tmdbId,title_x,genres,director,top_cast
1,862,Toy Story (1995),Adventure Animation Children Comedy Fantasy,,
10,710,GoldenEye (1995),Action Adventure Thriller,,
11,9087,"American President, The (1995)",Comedy Drama Romance,,
14,10858,Nixon (1995),Drama,,
15,1408,Cutthroat Island (1995),Action Adventure Romance,,
16,524,Casino (1995),Crime Drama,,
17,4584,Sense and Sensibility (1995),Drama Romance,,
18,5,Four Rooms (1995),Comedy,,
19,9273,Ace Ventura: When Nature Calls (1995),Comedy,,
20,11517,Money Train (1995),Action Comedy Crime Drama Thriller,,
21,8012,Get Shorty (1995),Comedy Crime Thriller,,
22,1710,Copycat (1995),Crime Drama Horror Mystery Thriller,,
23,9691,Assassins (1995),Action Crime Thriller,,
25,451,Leaving Las Vegas (1995),Drama Romance,,
34,9598,Babe (1995),Children Drama,,
36,687,Dead Man Walking (1995),Crime Drama,,
39,9603,Clueless (1995),Comedy Romance,,
41,31174,Richard III (1995),Drama War,,
44,9312,Mortal Kombat (1995),Action Adventure Fantasy,,
45,577,To Die For (1995),Comedy Drama Thriller,,
47,807,Seven (a.k.a. Se7en) (1995),Mystery Thriller,,
48,10530,Pocahontas (1995),Animation Children Drama Musical Romance,,
50,629,"Usual Suspects, The (1995)",Crime Mystery Thriller,,
57,9089,Home for the Holidays (1995),Drama,,
60,11359,"Indian in the Cupboard, The (1995)",Adventure Children Fantasy,,
61,17182,Eye for an Eye (1996),Drama Thriller,,
62,2054,Mr. Holland's Opus (1995),Drama,,
69,10634,Friday (1995),Comedy,,
70,755,From Dusk Till Dawn (1996),Action Comedy Horror Thriller,,
79,9623,"Juror, The (1996)",Drama Thriller,,
81,400,Things to Do in Denver When You're Dead (1995),Crime Drama Romance,,
86,10534,White Squall (1996),Action Adventure Drama,,
92,9095,Mary Reilly (1996),Drama Horror Thriller,,
93,12158,Vampire in Brooklyn (1995),Comedy Horror Romance,,
95,9208,Broken Arrow (1996),Action Adventure Thriller,,
100,11062,City Hall (1996),Drama Thriller,,
101,13685,Bottle Rocket (1996),Adventure Comedy Crime Romance,,
104,9614,Happy Gilmore (1996),Comedy,,
105,688,"Bridges of Madison County, The (1995)",Drama Romance,,
110,197,Braveheart (1995),Action Drama War,,
111,103,Taxi Driver (1976),Crime Drama Thriller,,
112,33542,Rumble in the Bronx (Hont faan kui) (1995),Action Adventure Comedy Crime,,
122,11066,Boomerang (1992),Comedy Romance,,
125,2074,Flirting With Disaster (1996),Comedy,,
132,11863,Jade (1995),Thriller,,
140,9302,Up Close and Personal (1996),Drama Romance,,
144,16388,"Brothers McMullen, The (1995)",Comedy,,
145,9737,Bad Boys (1995),Action Comedy Crime Drama Thriller,,
150,568,Apollo 13 (1995),Adventure Drama IMAX,,
151,11780,Rob Roy (1995),Action Drama Romance War,,
153,414,Batman Forever (1995),Action Adventure Comedy Crime,,
158,8839,Casper (1995),Adventure Children,,
160,10329,Congo (1995),Action Adventure Mystery Sci-Fi,,
161,8963,Crimson Tide (1995),Drama Thriller War,,
163,8068,Desperado (1995),Action Romance Western,,
165,1572,Die Hard: With a Vengeance (1995),Action Crime Thriller,,
168,6520,First Knight (1995),Action Drama Romance,,
170,10428,Hackers (1995),Action Adventure Crime Thriller,,
175,9344,Kids (1995),Drama,,
180,2293,Mallrats (1995),Comedy Romance,,
185,1642,"Net, The (1995)",Action Crime Thriller,,
188,11980,"Prophecy, The (1995)",Fantasy Horror Mystery,,
191,10533,"Scarlet Letter, The (1995)",Drama Romance,,
193,10802,Showgirls (1995),Drama,,
196,9348,Species (1995),Horror Sci-Fi,,
204,3512,Under Siege 2: Dark Territory (1995),Action,,
208,9804,Waterworld (1995),Action Adventure Sci-Fi,,
215,76,Before Sunrise (1995),Drama Romance,,
223,2292,Clerks (1994),Comedy,,
224,1909,Don Juan DeMarco (1995),Comedy Drama Romance,,
225,8984,Disclosure (1994),Drama Thriller,,
231,8467,Dumb & Dumber (Dumb and Dumber) (1994),Adventure Comedy,,
233,20156,Exotica (1994),Drama,,
235,522,Ed Wood (1994),Comedy Drama,,
246,14275,Hoop Dreams (1994),Documentary,,
247,1024,Heavenly Creatures (1994),Crime Drama,,
253,628,Interview with the Vampire: The Vampire Chronicles (1994),Drama Horror,,
254,87729,Jefferson in Paris (1995),Drama,,
255,18713,"Jerky Boys, The (1995)",Comedy,,
259,6071,Kiss of Death (1995),Crime Drama Thriller,,
260,11,Star Wars: Episode IV - A New Hope (1977),Action Adventure Sci-Fi,,
261,9587,Little Women (1994),Drama,,
266,4476,Legends of the Fall (1994),Drama Romance War Western,,
292,6950,Outbreak (1995),Action Drama Sci-Fi Thriller,,
294,63020,"Perez Family, The (1995)",Comedy Romance,,
296,680,Pulp Fiction (1994),Comedy Crime Drama Thriller,,
303,12106,"Quick and the Dead, The (1995)",Action Thriller Western,,
315,2636,"Specialist, The (1994)",Action Drama Thriller,,
317,11395,"Santa Clause, The (1994)",Comedy Drama Fantasy,,
318,278,"Shawshank Redemption, The (1994)",Crime Drama,,
327,9067,Tank Girl (1995),Action Comedy Sci-Fi,,
328,9059,Tales from the Crypt Presents: Demon Knight (1995),Horror Thriller,,
329,193,Star Trek: Generations (1994),Adventure Drama Sci-Fi,,
330,25066,Tales from the Hood (1995),Action Crime Horror,,
337,1587,What's Eating Gilbert Grape (1993),Drama,,
338,9271,Virtuosity (1995),Action Sci-Fi Thriller,,
344,3049,Ace Ventura: Pet Detective (1994),Comedy,,
348,11382,Bullets Over Broadway (1994),Comedy,,
349,9331,Clear and Present Danger (1994),Action Crime Drama Thriller,,
350,10731,"Client, The (1994)",Drama Mystery Thriller,,
352,34152,Crooklyn (1994),Comedy Drama,,
353,9495,"Crow, The (1994)",Action Crime Fantasy Thriller,,
355,888,"Flintstones, The (1994)",Children Comedy Fantasy,,
356,13,Forrest Gump (1994),Comedy Drama Romance War,,
357,712,Four Weddings and a Funeral (1994),Comedy Romance,,
364,8587,"Lion King, The (1994)",Adventure Animation Children Drama Musical IMAX,,
366,11596,"Wes Craven's New Nightmare (Nightmare on Elm Street Part 7: Freddy's Finale, A) (1994)",Drama Horror Mystery Thriller,,
367,854,"Mask, The (1994)",Action Comedy Crime Fantasy,,
370,36593,Naked Gun 33 1/3: The Final Insult (1994),Action Comedy,,
374,11011,Richie Rich (1994),Children Comedy,,
376,8987,"River Wild, The (1994)",Action Thriller,,
377,1637,Speed (1994),Action Romance Thriller,,
379,8831,Timecop (1994),Action Sci-Fi Thriller,,
380,36955,True Lies (1994),Action Adventure Comedy Romance Thriller,,
382,10395,Wolf (1994),Drama Horror Romance Thriller,,
383,12160,Wyatt Earp (1994),Western,,
387,26352,"Low Down Dirty Shame, A (1994)",Action Comedy,,
393,11667,Street Fighter (1994),Action Adventure Fantasy,,
405,8011,Highlander III: The Sorcerer (a.k.a. Highlander: The Final Dimension) (1994),Action Fantasy,,
412,10436,"Age of Innocence, The (1993)",Drama,,
420,306,Beverly Hills Cop III (1994),Action Comedy Crime Thriller,,
434,9350,Cliffhanger (1993),Action Adventure Thriller,,
441,9571,Dazed and Confused (1993),Comedy,,
454,37233,"Firm, The (1993)",Drama Thriller,,
457,5503,"Fugitive, The (1993)",Thriller,,
471,11934,"Hudsucker Proxy, The (1994)",Comedy,,
476,59930,"Inkwell, The (1994)",Comedy Drama,,
477,15765,What's Love Got to Do with It? (1993),Drama Musical,,
480,329,Jurassic Park (1993),Action Adventure Sci-Fi Thriller,,
482,507,Killing Zoe (1994),Crime Drama Thriller,,
485,9593,Last Action Hero (1993),Action Adventure Comedy Fantasy,,
493,9516,Menace II Society (1993),Action Crime Drama,,
494,2320,Executive Decision (1996),Action Adventure Thriller,,
497,11971,Much Ado About Nothing (1993),Comedy Romance,,
500,788,Mrs. Doubtfire (1993),Comedy Drama,,
508,9800,Philadelphia (1993),Drama,,
509,713,"Piano, The (1993)",Drama Romance,,
510,8291,Poetic Justice (1993),Drama,,
515,1245,"Remains of the Day, The (1993)",Drama Romance,,
516,11858,Renaissance Man (1994),Comedy Drama,,
519,5550,RoboCop 3 (1993),Action Crime Drama Sci-Fi Thriller,,
521,2088,Romeo Is Bleeding (1993),Crime Thriller,,
523,47889,Ruby in Paradise (1993),Drama,,
527,424,Schindler's List (1993),Drama War,,
532,11592,Serial Mom (1994),Comedy Crime Horror,,
533,8850,"Shadow, The (1994)",Action Adventure Fantasy Mystery,,
534,10445,Shadowlands (1993),Drama Romance,,
541,78,Blade Runner (1982),Action Sci-Fi Thriller,,
546,9607,Super Mario Bros. (1993),Action Adventure Children Comedy Fantasy Sci-Fi,,
553,11969,Tombstone (1993),Action Drama Western,,
555,319,True Romance (1993),Crime Thriller,,
562,11446,Welcome to the Dollhouse (1995),Comedy Drama,,
586,771,Home Alone (1990),Children Comedy,,
587,251,Ghost (1990),Comedy Drama Fantasy Romance Thriller,,
588,812,Aladdin (1992),Adventure Animation Children Comedy Musical,,
589,280,Terminator 2: Judgment Day (1991),Action Sci-Fi,,
590,581,Dances with Wolves (1990),Adventure Drama Western,,
592,268,Batman (1989),Action Crime Thriller,,
593,274,"Silence of the Lambs, The (1991)",Crime Horror Thriller,,
594,408,Snow White and the Seven Dwarfs (1937),Animation Children Drama Fantasy Musical,,
596,10895,Pinocchio (1940),Animation Children Fantasy Musical,,
597,114,Pretty Woman (1990),Comedy Romance,,
599,576,"Wild Bunch, The (1969)",Adventure Western,,
610,11827,Heavy Metal (1981),Action Adventure Animation Horror Sci-Fi,,
612,23570,"Pallbearer, The (1996)",Comedy,,
626,28121,"Thin Line Between Love and Hate, A (1996)",Comedy,,
637,9099,Sgt. Bilko (1996),Comedy,,
639,61752,Girl 6 (1996),Comedy Drama,,
647,10684,Courage Under Fire (1996),Action Crime Drama War,,
648,954,Mission: Impossible (1996),Action Adventure Mystery Thriller,,
653,8840,Dragonheart (1996),Action Adventure Fantasy,,
673,2300,Space Jam (1996),Adventure Animation Children Comedy Fantasy Sci-Fi,,
674,8069,Barbarella (1968),Adventure Comedy Sci-Fi,,
691,40001,Mrs. Winterbourne (1996),Comedy Romance,,
711,36355,Flipper (1996),Adventure Children,,
715,11876,"Horseman on the Roof, The (Hussard sur le toit, Le) (1995)",Drama Romance,,
718,11687,"Visitors, The (Visiteurs, Les) (1993)",Comedy Fantasy Sci-Fi,,
719,9304,Multiplicity (1996),Comedy,,
724,9100,"Craft, The (1996)",Drama Fantasy Horror Thriller,,
733,9802,"Rock, The (1996)",Action Adventure Thriller,,
736,664,Twister (1996),Action Adventure Romance Thriller,,
742,10280,Thinner (1996),Horror Thriller,,
743,10535,Spy Hard (1996),Comedy,,
750,935,Dr. Strangelove or: How I Learned to Stop Worrying and Love the Bomb (1964),Comedy War,,
761,9826,"Phantom, The (1996)",Action Adventure,,
762,9879,Striptease (1996),Comedy Crime,,
778,627,Trainspotting (1996),Comedy Crime Drama,,
780,602,Independence Day (a.k.a. ID4) (1996),Action Adventure Sci-Fi Thriller,,
782,9566,"Fan, The (1996)",Drama Thriller,,
783,10545,"Hunchback of Notre Dame, The (1996)",Animation Children Drama Musical Romance,,
784,9894,"Cable Guy, The (1996)",Comedy Thriller,,
785,11543,Kingpin (1996),Comedy,,
786,9268,Eraser (1996),Action Drama Thriller,,
788,9327,"Nutty Professor, The (1996)",Comedy Fantasy Romance Sci-Fi,,
798,11228,Daylight (1996),Action Adventure Drama Thriller,,
800,26748,Lone Star (1996),Drama Mystery Western,,
801,38223,Harriet the Spy (1996),Children Comedy,,
802,9294,Phenomenon (1996),Drama Romance,,
803,49963,Walking and Talking (1996),Comedy Drama Romance,,
804,11363,She's the One (1996),Comedy Romance,,
805,1645,"Time to Kill, A (1996)",Drama Thriller,,
809,18550,Fled (1996),Action Adventure,,
828,18975,"Adventures of Pinocchio, The (1996)",Adventure Children,,
830,2925,"First Wives Club, The (1996)",Comedy,,
832,3595,Ransom (1996),Crime Thriller,,
836,12123,Chain Reaction (1996),Action Adventure Thriller,,
849,10061,Escape from L.A. (1996),Action Adventure Sci-Fi Thriller,,
851,549,Basquiat (1996),Drama,,
852,10478,Tin Cup (1996),Comedy Drama Romance,,
858,238,"Godfather, The (1972)",Crime Drama,,
866,9303,Bound (1996),Crime Drama Romance Thriller,,
869,22479,Kansas City (1996),Crime Drama Musical Thriller,,
879,11015,"Relic, The (1997)",Horror Thriller,,
880,9306,"Island of Dr. Moreau, The (1996)",Sci-Fi Thriller,,
885,3587,Bogus (1996),Children Drama Fantasy,,
891,10987,Halloween: The Curse of Michael Myers (Halloween 6: The Curse of Michael Myers) (1995),Horror Thriller,,
899,872,Singin' in the Rain (1952),Comedy Musical Romance,,
905,3078,It Happened One Night (1934),Comedy Romance,,
909,284,"Apartment, The (1960)",Comedy Drama Romance,,
910,239,Some Like It Hot (1959),Comedy Crime,,
912,289,Casablanca (1942),Drama Romance,,
914,11113,My Fair Lady (1964),Comedy Drama Musical Romance,,
919,630,"Wizard of Oz, The (1939)",Adventure Children Fantasy Musical,,
920,770,Gone with the Wind (1939),Drama Romance War,,
924,62,2001: A Space Odyssey (1968),Adventure Drama Sci-Fi,,
928,223,Rebecca (1940),Drama Mystery Romance Thriller,,
931,4174,Spellbound (1945),Mystery Romance Thriller,,
945,3080,Top Hat (1935),Comedy Musical Romance,,
953,1585,It's a Wonderful Life (1946),Children Drama Fantasy Romance,,
954,3083,Mr. Smith Goes to Washington (1939),Drama,,
968,10331,Night of the Living Dead (1968),Horror Sci-Fi Thriller,,
971,261,Cat on a Hot Tin Roof (1958),Drama,,
976,22649,"Farewell to Arms, A (1932)",Romance War,,
990,10861,Maximum Risk (1996),Action Adventure Thriller,,
991,1770,Michael Collins (1996),Drama,,
998,9400,Set It Off (1996),Action Crime,,
1003,11306,Extreme Measures (1996),Drama Thriller,,
1004,9625,"Glimmer Man, The (1996)",Action Thriller,,
1019,173,"20,000 Leagues Under the Sea (1954)",Adventure Drama Sci-Fi,,
1020,864,Cool Runnings (1993),Comedy,,
1027,8367,Robin Hood: Prince of Thieves (1991),Adventure Drama,,
1028,433,Mary Poppins (1964),Children Comedy Fantasy Musical,,
1034,11229,Freeway (1996),Comedy Crime Drama Thriller,,
1035,15121,"Sound of Music, The (1965)",Musical Romance,,
1036,562,Die Hard (1988),Action Crime Thriller,,
1037,10163,"Lawnmower Man, The (1992)",Action Horror Sci-Fi Thriller,,
1042,9591,That Thing You Do! (1996),Comedy Drama,,
1047,11412,"Long Kiss Goodnight, The (1996)",Action Drama Thriller,,
1049,10586,"Ghost and the Darkness, The (1996)",Action Adventure,,
1051,27845,Trees Lounge (1996),Drama,,
1054,49471,Get on the Bus (1996),Drama,,
1055,38153,Shadow Conspiracy (1997),Thriller,,
1057,9716,Everyone Says I Love You (1996),Comedy Musical Romance,,
1059,454,William Shakespeare's Romeo + Juliet (1996),Drama Romance,,
1060,10218,Swingers (1996),Comedy Drama,,
1061,819,Sleepers (1996),Thriller,,
1073,252,Willy Wonka & the Chocolate Factory (1971),Children Comedy Fantasy Musical,,
1077,11561,Sleeper (1973),Comedy Sci-Fi,,
1078,11302,Bananas (1971),Comedy War,,
1089,500,Reservoir Dogs (1992),Crime Mystery Thriller,,
1090,792,Platoon (1986),Drama War,,
1093,10537,"Doors, The (1991)",Drama,,
1094,11386,"Crying Game, The (1992)",Drama Romance Thriller,,
1095,9504,Glengarry Glen Ross (1992),Drama,,
1097,601,E.T. the Extra-Terrestrial (1982),Children Drama Sci-Fi,,
1100,2119,Days of Thunder (1990),Action Drama Romance,,
1101,744,Top Gun (1986),Action Romance,,
1104,702,"Streetcar Named Desire, A (1951)",Drama,,
1114,21612,"Funeral, The (1996)",Crime Drama,,
1125,11843,"Return of the Pink Panther, The (1975)",Comedy Crime,,
1127,2756,"Abyss, The (1989)",Action Adventure Sci-Fi Thriller,,
1128,790,"Fog, The (1980)",Horror,,
1129,1103,Escape from New York (1981),Action Adventure Sci-Fi Thriller,,
1130,11298,"Howling, The (1980)",Horror Mystery,,
1135,10765,Private Benjamin (1980),Comedy,,
1136,762,Monty Python and the Holy Grail (1975),Adventure Comedy Fantasy,,
1183,409,"English Patient, The (1996)",Drama Romance War,,
1186,1412,"Sex, Lies, and Videotape (1989)",Drama,,
1193,510,One Flew Over the Cuckoo's Nest (1975),Drama,,
1196,1891,Star Wars: Episode V - The Empire Strikes Back (1980),Action Adventure Sci-Fi,,
1197,2493,"Princess Bride, The (1987)",Action Adventure Comedy Fantasy Romance,,
1198,85,Raiders of the Lost Ark (Indiana Jones and the Raiders of the Lost Ark) (1981),Action Adventure,,
1199,68,Brazil (1985),Fantasy Sci-Fi,,
1200,679,Aliens (1986),Action Adventure Horror Sci-Fi,,
1201,429,"Good, the Bad and the Ugly, The (Buono, il brutto, il cattivo, Il) (1966)",Action Adventure Western,,
1203,389,12 Angry Men (1957),Drama,,
1204,947,Lawrence of Arabia (1962),Adventure Drama War,,
1207,595,To Kill a Mockingbird (1962),Drama,,
1208,28,Apocalypse Now (1979),Action Drama War,,
1209,335,Once Upon a Time in the West (C'era una volta il West) (1968),Action Drama Western,,
1210,1892,Star Wars: Episode VI - Return of the Jedi (1983),Action Adventure Sci-Fi,,
1213,769,Goodfellas (1990),Crime Drama,,
1214,348,Alien (1979),Horror Sci-Fi,,
1215,766,Army of Darkness (1993),Action Adventure Comedy Fantasy Horror,,
1219,539,Psycho (1960),Crime Horror,,
1220,525,"Blues Brothers, The (1980)",Action Comedy Musical,,
1221,240,"Godfather: Part II, The (1974)",Crime Drama,,
1224,10705,Henry V (1989),Action Drama Romance War,,
1225,279,Amadeus (1984),Drama,,
1227,311,Once Upon a Time in America (1984),Crime Drama,,
1228,1578,Raging Bull (1980),Drama,,
1230,703,Annie Hall (1977),Comedy Romance,,
1231,9549,"Right Stuff, The (1983)",Drama,,
1233,387,"Boot, Das (Boat, The) (1981)",Action Drama War,,
1234,9277,"Sting, The (1973)",Comedy Crime,,
1240,218,"Terminator, The (1984)",Action Sci-Fi Thriller,,
1242,9665,Glory (1989),Drama War,,
1246,207,Dead Poets Society (1989),Drama,,
1250,826,"Bridge on the River Kwai, The (1957)",Adventure Drama War,,
1258,694,"Shining, The (1980)",Horror,,
1259,235,Stand by Me (1986),Adventure Drama,,
1261,765,Evil Dead II (Dead by Dawn) (1987),Action Comedy Fantasy Horror,,
1262,5925,"Great Escape, The (1963)",Action Adventure Drama War,,
1263,11778,"Deer Hunter, The (1978)",Drama War,,
1265,137,Groundhog Day (1993),Comedy Fantasy Romance,,
1266,33,Unforgiven (1992),Drama Western,,
1270,105,Back to the Future (1985),Adventure Comedy Sci-Fi,,
1272,11202,Patton (1970),Drama War,,
1274,149,Akira (1988),Action Adventure Animation Sci-Fi,,
1275,8009,Highlander (1986),Action Adventure Fantasy,,
1278,3034,Young Frankenstein (1974),Comedy Fantasy,,
1282,756,Fantasia (1940),Animation Children Fantasy Musical,,
1283,288,High Noon (1952),Drama Western,,
1286,16633,Somewhere in Time (1980),Drama Romance,,
1291,89,Indiana Jones and the Last Crusade (1989),Action Adventure,,
1293,783,Gandhi (1982),Drama,,
1296,11257,"Room with a View, A (1986)",Drama Romance,,
1304,642,Butch Cassidy and the Sundance Kid (1969),Action Western,,
1307,639,When Harry Met Sally... (1989),Comedy Romance,,
1320,8077,Alien³ (a.k.a. Alien 3) (1992),Action Horror Sci-Fi Thriller,,
1330,24913,April Fool's Day (1986),Horror,,
1339,6114,Dracula (Bram Stoker's Dracula) (1992),Fantasy Horror Romance Thriller,,
1343,1598,Cape Fear (1991),Thriller,,
1346,6217,Cat People (1982),Drama Fantasy Horror,,
1347,377,"Nightmare on Elm Street, A (1984)",Horror Thriller,,
1350,794,"Omen, The (1976)",Horror Mystery Thriller,,
1351,31640,Blood and Wine (Blood & Wine) (1996),Crime Drama Thriller,,
1352,8744,Albino Alligator (1996),Crime Thriller,,
1353,25189,"Mirror Has Two Faces, The (1996)",Comedy Drama Romance,,
1356,199,Star Trek: First Contact (1996),Action Adventure Sci-Fi Thriller,,
1357,7863,Shine (1996),Drama Romance,,
1358,12498,Sling Blade (1996),Drama,,
1359,9279,Jingle All the Way (1996),Children Comedy,,
1370,1573,Die Hard 2 (1990),Action Adventure Thriller,,
1371,152,Star Trek: The Motion Picture (1979),Adventure Sci-Fi,,
1372,174,Star Trek VI: The Undiscovered Country (1991),Action Mystery Sci-Fi,,
1373,172,Star Trek V: The Final Frontier (1989),Action Sci-Fi,,
1374,154,Star Trek II: The Wrath of Khan (1982),Action Adventure Sci-Fi Thriller,,
1375,157,Star Trek III: The Search for Spock (1984),Action Adventure Sci-Fi,,
1376,168,Star Trek IV: The Voyage Home (1986),Adventure Comedy Sci-Fi,,
1377,364,Batman Returns (1992),Action Crime,,
1378,11967,Young Guns (1988),Action Comedy Western,,
1380,621,Grease (1978),Comedy Musical Romance,,
1387,578,Jaws (1975),Action Horror,,
1388,579,Jaws 2 (1978),Horror Thriller,,
1390,17795,My Fellow Americans (1996),Comedy,,
1391,75,Mars Attacks! (1996),Action Comedy Sci-Fi,,
1393,9390,Jerry Maguire (1996),Drama Romance,,
1399,9819,Marvin's Room (1996),Drama,,
1401,31908,Ghosts of Mississippi (1996),Drama,,
1405,3179,Beavis and Butt-Head Do America (1996),Adventure Animation Comedy Crime,,
1407,4232,Scream (1996),Comedy Horror Mystery Thriller,,
1408,9361,"Last of the Mohicans, The (1992)",Action Romance War Western,,
1411,10549,Hamlet (1996),Crime Drama Romance,,
1416,8818,Evita (1996),Drama Musical,,
1427,34314,Turbulence (1997),Action Thriller,,
1438,9619,Dante's Peak (1997),Action Thriller,,
1442,26306,Prefontaine (1997),Drama,,
1449,16448,Waiting for Guffman (1996),Comedy,,
1459,66,Absolute Power (1997),Mystery Thriller,,
1466,9366,Donnie Brasco (1997),Crime Drama,,
1475,28005,Kama Sutra: A Tale of Love (1996),Romance,,
1477,27322,Love Jones (1997),Romance,,
1479,10003,"Saint, The (1997)",Action Romance Sci-Fi Thriller,,
1480,9311,Smilla's Sense of Snow (1997),Drama Thriller,,
1485,1624,Liar Liar (1997),Comedy,,
1487,16052,Selena (1997),Drama Musical,,
1488,4477,"Devil's Own, The (1997)",Action Drama Thriller,,
1489,24662,Cats Don't Dance (1997),Animation Children Musical,,
1493,76996,Love and Other Catastrophes (1996),Romance,,
1499,9360,Anaconda (1997),Action Adventure Thriller,,
1500,9434,Grosse Pointe Blank (1997),Comedy Crime Romance,,
1503,13982,8 Heads in a Duffel Bag (1997),Comedy,,
1515,10357,Volcano (1997),Action Drama Thriller,,
1517,816,Austin Powers: International Man of Mystery (1997),Action Adventure Comedy,,
1518,2163,Breakdown (1997),Action Thriller,,
1527,18,"Fifth Element, The (1997)",Action Adventure Comedy Sci-Fi,,
1544,330,"Lost World: Jurassic Park, The (1997)",Action Adventure Sci-Fi Thriller,,
1552,1701,Con Air (1997),Action Adventure Thriller,,
1556,1639,Speed 2: Cruise Control (1997),Action Romance Thriller,,
1562,415,Batman & Robin (1997),Action Adventure Fantasy Thriller,,
1569,8874,My Best Friend's Wedding (1997),Comedy Romance,,
1571,11956,When the Cat's Away (Chacun cherche son chat) (1996),Comedy Romance,,
1573,754,Face/Off (1997),Action Crime Drama Thriller,,
1580,607,Men in Black (a.k.a. MIB) (1997),Action Comedy Sci-Fi,,
1583,17834,"Simple Wish, A (1997)",Children Fantasy,,
1584,686,Contact (1997),Drama Sci-Fi,,
1586,4421,G.I. Jane (1997),Action Drama,,
1587,9387,Conan the Barbarian (1982),Action Adventure Fantasy,,
1588,10603,George of the Jungle (1997),Children Comedy,,
1589,2142,Cop Land (1997),Action Crime Drama Thriller,,
1590,8413,Event Horizon (1997),Horror Sci-Fi Thriller,,
1591,10336,Spawn (1997),Action Adventure Sci-Fi Thriller,,
1592,20737,Air Bud (1997),Children Comedy,,
1594,14585,In the Company of Men (1997),Comedy Drama,,
1597,8834,Conspiracy Theory (1997),Drama Mystery Romance Thriller,,
1599,8854,Steel (1997),Action,,
1604,9416,Money Talks (1997),Action Comedy,,
1608,9772,Air Force One (1997),Action Thriller,,
1610,1669,"Hunt for Red October, The (1990)",Action Adventure Thriller,,
1611,468,My Own Private Idaho (1991),Drama Romance,,
1614,10806,In & Out (1997),Comedy,,
1615,9433,"Edge, The (1997)",Adventure Drama,,
1616,6623,"Peacemaker, The (1997)",Action Thriller War,,
1617,2118,L.A. Confidential (1997),Crime Film-Noir Mystery Thriller,,
1619,978,Seven Years in Tibet (1997),Adventure Drama War,,
1620,9437,Kiss the Girls (1997),Crime Drama Mystery Thriller,,
1621,29461,Soul Food (1997),Drama,,
1625,2649,"Game, The (1997)",Drama Mystery Thriller,,
1633,55306,Ulee's Gold (1997),Drama,,
1635,68924,"Ice Storm, The (1997)",Drama,,
1639,2255,Chasing Amy (1997),Comedy Drama Romance,,
1641,9427,"Full Monty, The (1997)",Comedy Drama,,
1644,3597,I Know What You Did Last Summer (1997),Horror Mystery Thriller,,
1645,1813,The Devil's Advocate (1997),Drama Mystery Thriller,,
1653,782,Gattaca (1997),Drama Sci-Fi Thriller,,
1659,125052,Hurricane Streets (1997),Drama,,
1660,45153,Eve's Bayou (1997),Drama,,
1661,10871,Switchback (1997),Crime Mystery Thriller,,
1663,10890,Stripes (1981),Comedy War,,
1667,9770,Mad City (1997),Action Drama,,
1672,11975,"Rainmaker, The (1997)",Drama,,
1673,4995,Boogie Nights (1997),Drama,,
1674,9281,Witness (1985),Drama Romance Thriller,,
1676,563,Starship Troopers (1997),Action Sci-Fi,,
1677,61337,Critical Care (1997),Comedy Drama,,
1679,31535,Chairman of the Board (1998),Comedy,,
1680,10215,Sliding Doors (1998),Drama Romance,,
1681,9823,Mortal Kombat: Annihilation (1997),Action Adventure Fantasy,,
1682,37165,"Truman Show, The (1998)",Comedy Drama Sci-Fi,,
1687,4824,"Jackal, The (1997)",Action Thriller,,
1688,9444,Anastasia (1997),Adventure Animation Children Drama Musical,,
1689,9414,"Man Who Knew Too Little, The (1997)",Comedy Crime Thriller,,
1690,8078,Alien: Resurrection (1997),Action Horror Sci-Fi,,
1693,11831,Amistad (1997),Drama Mystery,,
1694,2895,"Apostle, The (1997)",Drama,,
1701,2639,Deconstructing Harry (1997),Comedy Drama,,
1702,9574,Flubber (1997),Children Comedy Fantasy,,
1704,489,Good Will Hunting (1997),Drama Romance,,
1711,8197,Midnight in the Garden of Good and Evil (1997),Crime Drama Mystery,,
1717,4233,Scream 2 (1997),Comedy Horror Mystery Thriller,,
1719,10217,"Sweet Hereafter, The (1997)",Drama,,
1721,597,Titanic (1997),Drama Romance,,
1722,714,Tomorrow Never Dies (1997),Action Adventure Thriller,,
1726,9922,"Postman, The (1997)",Action Adventure Drama Sci-Fi,,
1727,547,"Horse Whisperer, The (1998)",Drama Romance,,
1729,184,Jackie Brown (1997),Crime Drama Thriller,,
1730,9746,Kundun (1997),Drama,,
1732,115,"Big Lebowski, The (1998)",Comedy Crime,,
1747,586,Wag the Dog (1997),Comedy,,
1748,2666,Dark City (1998),Adventure Film-Noir Sci-Fi Thriller,,
1752,11258,Hard Rain (1998),Action Crime Thriller,,
1753,9490,Half Baked (1998),Comedy,,
1755,25719,Shooting Fish (1997),Comedy Romance,,
1760,6116,Spice World (1997),Comedy,,
1762,9457,Deep Rising (1998),Action Horror Sci-Fi,,
1769,11702,"Replacement Killers, The (1998)",Action Crime Thriller,,
1779,10153,Sphere (1998),Sci-Fi Thriller,,
1784,2898,As Good as It Gets (1997),Comedy Drama Romance,,
1794,47452,Love and Death on Long Island (1997),Comedy Drama,,
1801,9313,"Man in the Iron Mask, The (1998)",Action Adventure Drama,,
1804,42807,"Newton Boys, The (1998)",Crime Drama,,
1805,617,Wild Things (1998),Crime Drama Mystery Thriller,,
1810,9440,Primary Colors (1998),Comedy Drama,,
1816,32456,Two Girls and a Guy (1997),Comedy Drama,,
1821,17127,"Object of My Affection, The (1998)",Comedy Romance,,
1825,19848,The Players Club (1998),Comedy Drama,,
1826,17644,Barney's Great Adventure (1998),Adventure Children,,
1831,2157,Lost in Space (1998),Action Adventure Sci-Fi,,
1833,8838,Mercury Rising (1998),Action Drama Thriller,,
1834,29193,"Spanish Prisoner, The (1997)",Crime Drama Mystery Thriller,,
1835,795,City of Angels (1998),Drama Fantasy Romance,,
1840,9469,He Got Game (1998),Drama,,
1845,16148,Zero Effect (1998),Comedy Mystery Thriller,,
1848,9449,"Borrowers, The (1997)",Adventure Children Comedy Fantasy,,
1858,10622,Mr. Nice Guy (Yat goh ho yan) (1997),Action Comedy,,
1860,17139,Character (Karakter) (1997),Drama,,
1866,9448,"Big Hit, The (1998)",Action Comedy Crime,,
1870,78373,"Dancer, Texas Pop. 81 (1998)",Comedy Drama,,
1875,55561,Clockwatchers (1997),Comedy,,
1876,8656,Deep Impact (1998),Drama Sci-Fi Thriller,,
1881,18937,Quest for Camelot (1998),Adventure Animation Children Fantasy Musical,,
1883,9452,Bulworth (1998),Comedy Drama Romance,,
1884,1878,Fear and Loathing in Las Vegas (1998),Adventure Comedy Drama,,
1888,9715,Hope Floats (1998),Comedy Drama Romance,,
1894,6068,Six Days Seven Nights (1998),Adventure Comedy Romance,,
1895,15037,Can't Hardly Wait (1998),Comedy Drama Romance,,
1900,21334,"Children of Heaven, The (Bacheha-Ye Aseman) (1997)",Comedy Drama,,
1907,10674,Mulan (1998),Adventure Animation Children Comedy Drama Musical Romance,,
1909,846,"X-Files: Fight the Future, The (1998)",Action Crime Mystery Sci-Fi Thriller,,
1911,3050,Dr. Dolittle (1998),Comedy,,
1912,1389,Out of Sight (1998),Comedy Crime Drama Romance Thriller,,
1914,20862,Smoke Signals (1998),Comedy Drama,,
1916,9464,Buffalo '66 (a.k.a. Buffalo 66) (1998),Drama Romance,,
1917,95,Armageddon (1998),Action Romance Sci-Fi Thriller,,
1918,944,Lethal Weapon 4 (1998),Action Comedy Crime Thriller,,
1920,11551,Small Soldiers (1998),Animation Children Fantasy War,,
1921,473,Pi (1998),Drama Sci-Fi Thriller,,
1923,544,There's Something About Mary (1998),Comedy Romance,,
1926,65203,"Broadway Melody, The (1929)",Musical,,
1934,34106,You Can't Take It with You (1938),Comedy Romance,,
1938,28580,"Lost Weekend, The (1945)",Drama,,
1939,887,"Best Years of Our Lives, The (1946)",Drama War,,
1940,33667,Gentleman's Agreement (1947),Drama,,
1944,11426,From Here to Eternity (1953),Drama Romance War,,
1945,654,On the Waterfront (1954),Crime Drama,,
1947,1725,West Side Story (1961),Drama Musical Romance,,
1948,5769,Tom Jones (1963),Adventure Comedy Romance,,
1949,874,"Man for All Seasons, A (1966)",Drama,,
1951,17917,Oliver! (1968),Drama Musical,,
1952,3116,Midnight Cowboy (1969),Drama,,
1953,1051,"French Connection, The (1971)",Action Crime Thriller,,
1954,1366,Rocky (1976),Drama,,
1956,16619,Ordinary People (1980),Drama,,
1957,9443,Chariots of Fire (1981),Drama,,
1959,606,Out of Africa (1985),Drama Romance,,
1960,746,"Last Emperor, The (1987)",Drama,,
1961,380,Rain Man (1988),Drama,,
1962,403,Driving Miss Daisy (1989),Drama,,
1965,13820,Repo Man (1984),Comedy Sci-Fi,,
1966,15389,Metropolitan (1990),Comedy,,
1969,10014,"Nightmare on Elm Street 2: Freddy's Revenge, A (1985)",Horror,,
1970,10072,"Nightmare on Elm Street 3: Dream Warriors, A (1987)",Horror Thriller,,
1971,10131,"Nightmare on Elm Street 4: The Dream Master, A (1988)",Horror Thriller,,
1972,10160,"Nightmare on Elm Street 5: The Dream Child, A (1989)",Horror,,
1973,11284,"Freddy's Dead: The Final Nightmare (Nightmare on Elm Street Part 6: Freddy's Dead, A) (1991)",Horror,,
1975,9725,Friday the 13th Part 2 (1981),Horror,,
1976,9728,Friday the 13th Part 3: 3D (1982),Horror,,
1977,9730,Friday the 13th Part IV: The Final Chapter (1984),Horror,,
1978,9731,Friday the 13th Part V: A New Beginning (1985),Horror,,
1979,10225,Friday the 13th Part VI: Jason Lives (1986),Horror,,
1980,10281,Friday the 13th Part VII: The New Blood (1988),Horror,,
1981,10283,Friday the 13th Part VIII: Jason Takes Manhattan (1989),Horror,,
1982,948,Halloween (1978),Horror,,
1984,10676,Halloween III: Season of the Witch (1982),Horror,,
1985,11357,Halloween 4: The Return of Michael Myers (1988),Horror,,
1986,11361,Halloween 5: The Revenge of Michael Myers (1989),Horror,,
1991,10585,Child's Play (1988),Horror Thriller,,
1992,11186,Child's Play 2 (1990),Horror Thriller,,
1994,609,Poltergeist (1982),Horror Thriller,,
1996,10306,Poltergeist III (1988),Horror Thriller,,
1997,9552,"Exorcist, The (1973)",Horror Mystery,,
1998,11586,Exorcist II: The Heretic (1977),Horror,,
2002,943,Lethal Weapon 3 (1992),Action Comedy Crime Drama,,
2003,927,Gremlins (1984),Comedy Horror,,
2004,928,Gremlins 2: The New Batch (1990),Comedy Horror,,
2006,9342,"Mask of Zorro, The (1998)",Action Comedy Romance,,
2010,19,Metropolis (1927),Drama Sci-Fi,,
2011,165,Back to the Future Part II (1989),Adventure Comedy Sci-Fi,,
2012,196,Back to the Future Part III (1990),Adventure Comedy Sci-Fi Western,,
2018,3170,Bambi (1942),Animation Children Drama,,
2019,346,Seven Samurai (Shichinin no samurai) (1954),Action Adventure Drama,,
2020,859,Dangerous Liaisons (1988),Drama Romance,,
2021,841,Dune (1984),Adventure Sci-Fi,,
2022,11051,"Last Temptation of Christ, The (1988)",Drama,,
2023,242,"Godfather: Part III, The (1990)",Crime Drama Mystery Thriller,,
2026,9424,Disturbing Behavior (1998),Horror Thriller,,
2028,857,Saving Private Ryan (1998),Action Drama War,,
2034,9570,"Black Hole, The (1979)",Children Sci-Fi,,
2052,10439,Hocus Pocus (1993),Children Comedy Fantasy Horror,,
2058,9631,"Negotiator, The (1998)",Action Crime Drama Mystery Thriller,,
2064,1779,Roger & Me (1989),Documentary,,
2067,907,Doctor Zhivago (1965),Drama Romance War,,
2082,10414,"Mighty Ducks, The (1992)",Children Comedy,,
2083,10437,"Muppet Christmas Carol, The (1992)",Children Comedy Musical,,
2093,13155,Return to Oz (1985),Adventure Children Fantasy,,
2100,2619,Splash (1984),Comedy Fantasy Romance,,
2114,227,"Outsiders, The (1983)",Drama,,
2115,87,Indiana Jones and the Temple of Doom (1984),Action Adventure Fantasy,,
2118,11336,"Dead Zone, The (1983)",Thriller,,
2124,2907,"Addams Family, The (1991)",Children Comedy Fantasy,,
2125,9454,Ever After: A Cinderella Story (1998),Comedy Drama Romance,,
2126,8688,Snake Eyes (1998),Action Crime Mystery Thriller,,
2147,13853,"Clan of the Cave Bear, The (1986)",Adventure Drama Fantasy,,
2154,33644,How Stella Got Her Groove Back (1998),Drama Romance,,
2155,14662,"Slums of Beverly Hills, The (1998)",Comedy Drama,,
2160,805,Rosemary's Baby (1968),Drama Horror Thriller,,
2161,34584,"NeverEnding Story, The (1984)",Adventure Children Fantasy,,
2167,36647,Blade (1998),Action Horror Thriller,,
2169,14557,Dead Man on Campus (1998),Comedy,,
2171,41469,Next Stop Wonderland (1998),Comedy Drama Romance,,
2174,4011,Beetlejuice (1988),Comedy Fantasy,,
2175,161795,Déjà Vu (1997),Drama Romance,,
2177,5854,Family Plot (1976),Comedy Thriller,,
2178,573,Frenzy (1972),Thriller,,
2179,2370,Topaz (1969),Thriller,,
2180,5780,Torn Curtain (1966),Thriller,,
2184,11219,"Trouble with Harry, The (1955)",Comedy Mystery,,
2188,3682,54 (1998),Drama,,
2194,117,"Untouchables, The (1987)",Action Crime Drama,,
2195,14577,Dirty Work (1998),Comedy,,
2196,37498,Knock Off (1998),Action,,
2231,10220,Rounders (1998),Drama,,
2232,431,Cube (1997),Horror Mystery Sci-Fi Thriller,,
2236,22796,Simon Birch (1998),Drama,,
2264,5971,We're No Angels (1989),Comedy Crime,,
2268,881,"Few Good Men, A (1992)",Crime Drama Thriller,,
2272,53113,One True Thing (1998),Drama,,
2275,24746,Six-String Samurai (1998),Action Adventure Sci-Fi,,
2278,8195,Ronin (1998),Action Crime Thriller,,
2279,9877,Urban Legend (1998),Horror Thriller,,
2280,26618,Clay Pigeons (1998),Crime,,
2288,1091,"Thing, The (1982)",Action Horror Sci-Fi Thriller,,
2291,162,Edward Scissorhands (1990),Drama Fantasy Romance,,
2294,8916,Antz (1998),Adventure Animation Children Comedy Fantasy,,
2296,9429,"Night at the Roxbury, A (1998)",Comedy,,
2297,12159,What Dreams May Come (1998),Adventure Drama Fantasy Romance,,
2301,10156,History of the World: Part I (1981),Comedy Musical,,
2302,10377,My Cousin Vinny (1992),Comedy,,
2306,9713,Holy Man (1998),Comedy,,
2310,9821,"Mighty, The (1998)",Drama,,
2313,1955,"Elephant Man, The (1980)",Drama,,
2314,39437,Beloved (1998),Drama,,
2315,11932,Bride of Chucky (Child's Play 4) (1998),Comedy Horror Thriller,,
2316,6435,Practical Magic (1998),Drama Fantasy Mystery Romance,,
2318,10683,Happiness (1998),Comedy Drama,,
2322,9425,Soldier (1998),Action Sci-Fi War,,
2325,8675,Orgazmo (1997),Comedy,,
2328,9945,Vampires (1998),Horror Western,,
2329,73,American History X (1998),Crime Drama,,
2331,46889,Living Out Loud (1998),Comedy Drama Romance,,
2333,3033,Gods and Monsters (1998),Drama,,
2334,9882,"Siege, The (1998)",Action Thriller,,
2335,10663,"Waterboy, The (1998)",Comedy,,
2336,4518,Elizabeth (1998),Drama,,
2337,1808,Velvet Goldmine (1998),Drama,,
2338,3600,I Still Know What You Did Last Summer (1998),Horror Mystery Thriller,,
2340,297,Meet Joe Black (1998),Romance,,
2353,9798,Enemy of the State (1998),Action Thriller,,
2354,14444,"Rugrats Movie, The (1998)",Animation Children Comedy,,
2355,9487,"Bug's Life, A (1998)",Adventure Animation Children Comedy,,
2356,9466,Celebrity (1998),Comedy,,
2357,666,Central Station (Central do Brasil) (1998),Drama,,
2359,10162,Waking Ned Devine (a.k.a. Waking Ned) (1998),Comedy,,
2360,309,"Celebration, The (Festen) (1998)",Drama,,
2361,692,Pink Flamingos (1972),Comedy,,
2373,9626,Red Sonja (1985),Action Adventure Fantasy,,
2376,707,"View to a Kill, A (1985)",Action Adventure Thriller,,
2377,11954,Lifeforce (1985),Horror Sci-Fi,,
2378,9336,Police Academy (1984),Comedy Crime,,
2384,9447,Babe: Pig in the City (1998),Adventure Children Drama,,
2385,12257,Home Fries (1998),Comedy Romance,,
2387,10029,Very Bad Things (1998),Comedy Crime,,
2390,8545,Little Voice (1998),Comedy,,
2391,10223,"Simple Plan, A (1998)",Crime Drama Thriller,,
2393,200,Star Trek: Insurrection (1998),Action Drama Romance Sci-Fi,,
2394,9837,"Prince of Egypt, The (1998)",Animation Musical,,
2395,11545,Rushmore (1998),Comedy Drama,,
2396,1934,Shakespeare in Love (1998),Comedy Drama Romance,,
2401,8879,Pale Rider (1985),Western,,
2402,1369,Rambo: First Blood Part II (1985),Action Adventure Thriller,,
2403,1368,First Blood (Rambo: First Blood) (1982),Action Adventure Drama Thriller,,
2404,1370,Rambo III (1988),Action Adventure Thriller War,,
2414,11904,Young Sherlock Holmes (1985),Action Adventure Children Fantasy Mystery Thriller,,
2420,1885,"Karate Kid, The (1984)",Drama,,
2424,9489,You've Got Mail (1998),Comedy Romance,,
2427,8741,"Thin Red Line, The (1998)",Action Drama War,,
2428,9276,"Faculty, The (1998)",Horror Sci-Fi,,
2429,9822,Mighty Joe Young (1998),Action Adventure Drama Fantasy Thriller,,
2431,10312,Patch Adams (1998),Comedy Drama,,
2432,9441,Stepmom (1998),Drama,,
2433,9422,"Civil Action, A (1998)",Drama,,
2436,10368,Tea with Mussolini (1999),Comedy Drama War,,
2445,15556,At First Sight (1999),Drama,,
2446,28902,In Dreams (1999),Horror Thriller,,
2447,14709,Varsity Blues (1999),Comedy Drama,,
2450,10658,Howard the Duck (1986),Adventure Comedy Sci-Fi,,
2459,30497,"Texas Chainsaw Massacre, The (1974)",Horror,,
2460,16337,"Texas Chainsaw Massacre 2, The (1986)",Horror,,
2469,10013,Peggy Sue Got Married (1986),Comedy Drama,,
2470,9671,Crocodile Dundee (1986),Adventure Comedy,,
2471,9396,Crocodile Dundee II (1988),Action Adventure Comedy,,
2474,11873,"Color of Money, The (1986)",Drama,,
2485,10314,She's All That (1999),Comedy Romance,,
2490,2112,Payback (1999),Action Thriller,,
2491,16172,Simply Irresistible (1999),Comedy Romance,,
2492,111794,20 Dates (1998),Comedy Romance,,
2496,11622,Blast from the Past (1999),Comedy Romance,,
2497,10207,Message in a Bottle (1999),Romance,,
2498,9849,My Favorite Martian (1999),Comedy Sci-Fi,,
2500,18892,Jawbreaker (1999),Comedy,,
2502,1542,Office Space (1999),Comedy Crime,,
2504,15256,200 Cigarettes (1999),Comedy Drama,,
2505,8224,8MM (1999),Drama Mystery Thriller,,
2513,8913,Pet Sematary (1989),Horror,,
2526,40160,Meteor (1979),Sci-Fi,,
2528,10803,Logan's Run (1976),Action Adventure Sci-Fi,,
2530,1685,Beneath the Planet of the Apes (1970),Action Sci-Fi,,
2531,1705,Battle for the Planet of the Apes (1973),Action Sci-Fi,,
2532,1688,Conquest of the Planet of the Apes (1972),Action Sci-Fi,,
2533,1687,Escape from the Planet of the Apes (1971),Action Sci-Fi,,
2539,9535,Analyze This (1999),Comedy,,
2540,9455,"Corruptor, The (1999)",Action Crime Drama Thriller,,
2541,796,Cruel Intentions (1999),Drama,,
2542,100,"Lock, Stock & Two Smoking Barrels (1998)",Comedy Crime Thriller,,
2546,30943,"Deep End of the Ocean, The (1999)",Drama,,
2548,7341,"Rage: Carrie 2, The (1999)",Horror,,
2549,10350,Wing Commander (1999),Action Sci-Fi,,
2555,22345,Baby Geniuses (1999),Comedy,,
2560,10212,Ravenous (1999),Horror Thriller,,
2566,16508,Doug's 1st Movie (1999),Animation Children,,
2567,11374,EDtv (1999),Comedy,,
2570,28029,"Walk on the Moon, A (1999)",Drama Romance,,
2571,603,"Matrix, The (1999)",Action Sci-Fi Thriller,,
2572,4951,10 Things I Hate About You (1999),Comedy Romance,,
2573,65749,Tango (1998),Drama Musical,,
2574,8970,"Out-of-Towners, The (1999)",Comedy,,
2580,9430,Go (1999),Comedy Crime,,
2598,12596,Pushing Tin (1999),Comedy,,
2599,9451,Election (1999),Comedy,,
2600,1946,eXistenZ (1999),Action Sci-Fi Thriller,,
2605,1844,Entrapment (1999),Crime Thriller,,
2606,6552,Idle Hands (1999),Comedy Horror,,
2616,8592,Dick Tracy (1990),Action Crime,,
2623,53862,Trippin' (1999),Comedy,,
2628,1893,Star Wars: Episode I - The Phantom Menace (1999),Action Adventure Sci-Fi,,
2639,15660,Mommie Dearest (1981),Drama,,
2640,1924,Superman (1978),Action Adventure Sci-Fi,,
2641,8536,Superman II (1980),Action Sci-Fi,,
2642,9531,Superman III (1983),Action Adventure Sci-Fi,,
2643,11411,Superman IV: The Quest for Peace (1987),Action Adventure Sci-Fi,,
2671,509,Notting Hill (1999),Comedy Romance,,
2672,1090,"Thirteenth Floor, The (1999)",Drama Sci-Fi Thriller,,
2674,15059,"Loss of Sexual Innocence, The (1999)",Drama Fantasy,,
2676,12117,Instinct (1999),Drama Thriller,,
2682,62676,Limbo (1999),Drama,,
2683,817,Austin Powers: The Spy Who Shagged Me (1999),Action Adventure Comedy,,
2686,14283,"Red Violin, The (Violon rouge, Le) (1998)",Drama Mystery,,
2688,2275,"General's Daughter, The (1999)",Crime Drama Mystery Thriller,,
2690,24137,"Ideal Husband, An (1999)",Comedy Romance,,
2692,104,Run Lola Run (Lola rennt) (1998),Action Crime,,
2693,15800,Trekkies (1997),Documentary,,
2694,9032,Big Daddy (1999),Comedy,,
2699,6488,Arachnophobia (1990),Comedy Horror,,
2700,9473,"South Park: Bigger, Longer and Uncut (1999)",Animation Comedy Musical,,
2701,8487,Wild Wild West (1999),Action Comedy Sci-Fi Western,,
2702,10279,Summer of Sam (1999),Drama,,
2706,2105,American Pie (1999),Comedy Romance,,
2707,1073,Arlington Road (1999),Thriller,,
2709,10208,Muppets From Space (1999),Children Comedy,,
2710,2667,"Blair Witch Project, The (1999)",Drama Horror Thriller,,
2712,345,Eyes Wide Shut (1999),Drama Mystery Thriller,,
2713,9825,Lake Placid (1999),Horror Thriller,,
2718,10490,Drop Dead Gorgeous (1999),Comedy,,
2719,11618,"Haunting, The (1999)",Horror Thriller,,
2720,332,Inspector Gadget (1999),Action Adventure Children Comedy,,
2722,8914,Deep Blue Sea (1999),Action Horror Sci-Fi Thriller,,
2723,9824,Mystery Men (1999),Action Comedy Fantasy,,
2724,4806,Runaway Bride (1999),Comedy Romance,,
2725,33430,Twin Falls Idaho (1999),Drama,,
2729,802,Lolita (1962),Drama Romance,,
2730,3175,Barry Lyndon (1975),Drama Romance War,,
2735,10136,"Golden Child, The (1986)",Action Adventure Comedy Fantasy Mystery,,
2739,873,"Color Purple, The (1985)",Drama,,
2746,10776,Little Shop of Horrors (1986),Comedy Horror Musical,,
2750,30890,Radio Days (1987),Comedy Drama,,
2759,16406,Dick (1999),Comedy,,
2761,10386,"Iron Giant, The (1999)",Adventure Animation Children Drama Sci-Fi,,
2762,745,"Sixth Sense, The (1999)",Drama Horror Mystery,,
2763,913,"Thomas Crown Affair, The (1999)",Action Mystery,,
2769,19457,"Yards, The (2000)",Crime Drama,,
2770,11353,Bowfinger (1999),Comedy,,
2771,17707,Brokedown Palace (1999),Drama,,
2772,9781,Detroit Rock City (1999),Comedy,,
2791,813,Airplane! (1980),Comedy,,
2795,11153,National Lampoon's Vacation (1983),Comedy,,
2797,2280,Big (1988),Comedy Drama Fantasy Romance,,
2801,39780,Oscar and Lucinda (a.k.a. Oscar & Lucinda) (1997),Drama Romance,,
2803,9944,"Pelican Brief, The (1993)",Crime Drama Mystery Romance Thriller,,
2804,850,"Christmas Story, A (1983)",Children Comedy,,
2805,10154,Mickey Blue Eyes (1999),Comedy Romance,,
2807,10366,Universal Soldier: The Return (1999),Action Sci-Fi,,
2812,22314,In Too Deep (1999),Action Thriller,,
2822,9096,Medicine Man (1992),Adventure Romance,,
2826,1911,"13th Warrior, The (1999)",Action Adventure Fantasy,,
2827,2900,"Astronaut's Wife, The (1999)",Horror Sci-Fi Thriller,,
2828,17709,Dudley Do-Right (1999),Children Comedy,,
2829,37718,"Muse, The (1999)",Comedy,,
2835,2162,Chill Factor (1999),Action Adventure Comedy Thriller,,
2836,14578,Outside Providence (1999),Comedy,,
2840,10307,Stigmata (1999),Drama Thriller,,
2841,11601,Stir of Echoes (1999),Horror Mystery Thriller,,
2858,14,American Beauty (1999),Drama Romance,,
2860,11001,Blue Streak (1999),Comedy,,
2861,10390,For Love of the Game (1999),Comedy Drama,,
2863,704,"Hard Day's Night, A (1964)",Adventure Comedy Musical,,
2865,142132,Sugar Town (1999),Comedy,,
2881,10398,Double Jeopardy (1999),Action Crime Drama Thriller,,
2882,2290,Jakob the Liar (1999),Drama,,
2883,24071,Mumford (1999),Comedy Drama,,
2886,16112,"Adventures of Elmo in Grouchland, The (1999)",Children Comedy,,
2888,14429,Drive Me Crazy (1999),Comedy Romance,,
2889,15198,"Mystery, Alaska (1999)",Comedy Drama,,
2890,6415,Three Kings (1999),Action Adventure Comedy Drama War,,
2891,24066,"Happy, Texas (1999)",Comedy,,
2906,12618,Random Hearts (1999),Drama Romance,,
2907,13824,Superstar (1999),Comedy,,
2908,226,Boys Don't Cry (1999),Drama,,
2912,10388,"Limey, The (1999)",Crime Drama Thriller,,
2916,861,Total Recall (1990),Action Adventure Sci-Fi Thriller,,
2921,11901,High Plains Drifter (1973),Western,,
2922,4929,Hang 'Em High (1968),Crime Drama Western,,
2925,8416,"Conformist, The (Conformista, Il) (1970)",Drama,,
2929,18254,Reds (1981),Drama Romance,,
2932,16642,Days of Heaven (1978),Drama,,
2939,19997,Niagara (1953),Drama Thriller,,
2942,535,Flashdance (1983),Drama Romance,,
2947,658,Goldfinger (1964),Action Adventure Thriller,,
2948,657,From Russia with Love (1963),Action Adventure Thriller,,
2949,646,Dr. No (1962),Action Adventure Thriller,,
2950,5689,"Blue Lagoon, The (1980)",Adventure Drama Romance,,
2951,391,"Fistful of Dollars, A (Per un pugno di dollari) (1964)",Action Western,,
2953,772,Home Alone 2: Lost in New York (1992),Children Comedy,,
2959,550,Fight Club (1999),Action Crime Drama Thriller,,
2961,12220,"Story of Us, The (1999)",Comedy Drama,,
2965,29064,"Omega Code, The (1999)",Action,,
2966,404,"Straight Story, The (1999)",Adventure Drama,,
2968,36819,Time Bandits (1981),Adventure Comedy Fantasy Sci-Fi,,
2971,16858,All That Jazz (1979),Drama Fantasy Musical,,
2974,10496,Bats (1999),Horror Thriller,,
2975,16162,"Best Man, The (1999)",Comedy Drama,,
2976,8649,Bringing Out the Dead (1999),Drama,,
2977,31306,Crazy in Alabama (1999),Comedy Drama,,
2978,10563,Three to Tango (1999),Comedy Romance,,
2989,699,For Your Eyes Only (1981),Action Adventure Thriller,,
2990,709,Licence to Kill (1989),Action Adventure Thriller,,
2991,253,Live and Let Die (1973),Action Adventure Thriller,,
2993,660,Thunderball (1965),Action Adventure Thriller,,
2995,11377,House on Haunted Hill (1999),Horror Thriller,,
2997,492,Being John Malkovich (1999),Comedy Drama Fantasy,,
3000,128,Princess Mononoke (Mononoke-hime) (1997),Action Adventure Animation Drama Fantasy,,
3005,9481,"Bone Collector, The (1999)",Thriller,,
3006,9008,"Insider, The (1999)",Drama Thriller,,
3016,16281,Creepshow (1982),Horror,,
3017,16288,Creepshow 2 (1987),Horror,,
3029,21610,Nighthawks (1981),Action Drama,,
3033,957,Spaceballs (1987),Comedy Sci-Fi,,
3036,62204,"Quest for Fire (Guerre du feu, La) (1981)",Adventure Drama,,
3039,1621,Trading Places (1983),Comedy,,
3046,29371,"Incredibly True Adventure of Two Girls in Love, The (1995)",Comedy Romance,,
3048,47941,Under the Rainbow (1981),Comedy,,
3051,21349,Anywhere But Here (1999),Comedy Drama,,
3052,1832,Dogma (1999),Adventure Comedy Fantasy,,
3053,10047,"Messenger: The Story of Joan of Arc, The (1999)",Drama War,,
3055,47692,Felicia's Journey (1999),Thriller,,
3062,9289,"Longest Day, The (1962)",Action Drama War,,
3066,11165,Tora! Tora! Tora! (1970),Action Drama War,,
3068,24226,"Verdict, The (1982)",Drama Mystery,,
3082,36643,"World Is Not Enough, The (1999)",Action Adventure Thriller,,
3087,9647,Scrooged (1988),Comedy Fantasy Romance,,
3094,26371,Maurice (1987),Drama Romance,,
3101,10998,Fatal Attraction (1987),Drama Thriller,,
3104,9013,Midnight Run (1988),Action Comedy Crime Thriller,,
3108,177,"Fisher King, The (1991)",Comedy Drama Fantasy Romance,,
3113,9946,End of Days (1999),Action Fantasy Horror Mystery Thriller,,
3114,863,Toy Story 2 (1999),Adventure Animation Children Comedy Fantasy,,
3115,31582,Flawless (1999),Drama,,
3117,22267,Ride with the Devil (1999),Drama Romance War,,
3125,20024,"End of the Affair, The (1999)",Drama,,
3145,32274,Cradle Will Rock (1999),Drama,,
3146,10402,Deuce Bigalow: Male Gigolo (1999),Comedy,,
3147,497,"Green Mile, The (1999)",Crime Drama,,
3155,1439,Anna and the King (1999),Drama Romance,,
3156,2277,Bicentennial Man (1999),Drama Romance Sci-Fi,,
3157,10137,Stuart Little (1999),Children Comedy Fantasy,,
3159,49948,Fantasia 2000 (1999),Animation Children Musical IMAX,,
3160,334,Magnolia (1999),Drama,,
3163,46435,Topsy-Turvy (1999),Comedy Drama Musical,,
3173,9563,Any Given Sunday (1999),Drama,,
3174,1850,Man on the Moon (1999),Comedy Drama,,
3175,926,Galaxy Quest (1999),Adventure Comedy Sci-Fi,,
3176,1213,"Talented Mr. Ripley, The (1999)",Drama Mystery Thriller,,
3177,10471,Next Friday (2000),Comedy,,
3178,10400,"Hurricane, The (1999)",Drama,,
3179,10397,Angela's Ashes (1999),Drama,,
3185,10219,Snow Falling on Cedars (1999),Drama,,
3186,3558,"Girl, Interrupted (1999)",Drama,,
3189,17908,My Dog Skip (1999),Children Drama,,
3190,10384,Supernova (2000),Adventure Sci-Fi Thriller,,
3204,16241,"Boys from Brazil, The (1978)",Action Mystery Thriller,,
3208,9644,Loaded Weapon 1 (National Lampoon's Loaded Weapon 1) (1993),Action Comedy,,
3210,13342,Fast Times at Ridgemont High (1982),Comedy Drama Romance,,
3225,10472,Down to You (2000),Comedy Romance,,
3238,18681,Eye of the Beholder (1999),Thriller,,
3240,20468,"Big Tease, The (1999)",Comedy,,
3246,1883,Malcolm X (1992),Drama,,
3250,7305,Alive (1993),Drama,,
3253,8872,Wayne's World (1992),Comedy,,
3255,11287,"League of Their Own, A (1992)",Comedy Drama,,
3256,9869,Patriot Games (1992),Action Crime Drama Thriller,,
3257,619,"Bodyguard, The (1992)",Drama Romance Thriller,,
3258,9374,Death Becomes Her (1992),Comedy Fantasy,,
3260,8293,Howards End (1992),Drama,,
3267,9367,"Mariachi, El (1992)",Action Crime Thriller Western,,
3273,4234,Scream 3 (2000),Comedy Horror Mystery Thriller,,
3275,8374,"Boondock Saints, The (2000)",Action Crime Drama Thriller,,
3276,29076,Gun Shy (2000),Comedy,,
3285,1907,"Beach, The (2000)",Adventure Drama,,
3286,15489,Snow Day (2000),Comedy,,
3287,15655,"Tigger Movie, The (2000)",Animation Children,,
3298,14181,Boiler Room (2000),Crime Drama Thriller,,
3299,10385,Hanging Up (2000),Comedy Drama,,
3300,2787,Pitch Black (2000),Horror Sci-Fi Thriller,,
3301,2069,"Whole Nine Yards, The (2000)",Comedy Crime,,
3316,2155,Reindeer Games (2000),Action Thriller,,
3317,11004,Wonder Boys (2000),Comedy Drama,,
3324,25166,Drowning Mona (2000),Comedy,,
3325,1831,"Next Best Thing, The (2000)",Comedy Drama,,
3326,10416,What Planet Are You From? (2000),Comedy Sci-Fi,,
3327,14271,Beyond the Mat (1999),Documentary,,
3328,4816,Ghost Dog: The Way of the Samurai (1999),Crime Drama,,
3354,2067,Mission to Mars (2000),Sci-Fi,,
3355,622,"Ninth Gate, The (1999)",Fantasy Horror Mystery Thriller,,
3363,838,American Graffiti (1973),Comedy Drama,,
3386,820,JFK (1991),Drama Mystery Thriller,,
3390,58048,Shanghai Surprise (1986),Adventure Crime Drama Romance,,
3396,11176,"Muppet Movie, The (1979)",Adventure Children Comedy Musical,,
3403,24575,Raise the Titanic (1980),Drama Thriller,,
3408,462,Erin Brockovich (2000),Drama,,
3409,9532,Final Destination (2000),Drama Thriller,,
3421,8469,Animal House (1978),Comedy,,
3422,27995,She's Gotta Have It (1986),Comedy Romance,,
3423,36739,School Daze (1988),Drama,,
3424,925,Do the Right Thing (1989),Drama,,
3425,41823,Mo' Better Blues (1990),Drama Musical,,
3439,1497,Teenage Mutant Ninja Turtles II: The Secret of the Ooze (1991),Action Children Fantasy,,
3440,1499,Teenage Mutant Ninja Turtles III (1993),Action Adventure Children Comedy Fantasy,,
3441,1880,Red Dawn (1984),Action Drama War,,
3444,11690,Bloodsport (1988),Action,,
3448,801,"Good Morning, Vietnam (1987)",Comedy Drama War,,
3452,2085,Romeo Must Die (2000),Action Crime Romance Thriller,,
3453,13539,Here on Earth (2000),Drama Romance,,
3454,16222,Whatever It Takes (2000),Comedy Romance,,
3462,3082,Modern Times (1936),Comedy Drama Romance,,
3467,24748,Hud (1963),Drama Western,,
3468,990,"Hustler, The (1961)",Drama,,
3471,840,Close Encounters of the Third Kind (1977),Adventure Drama Sci-Fi,,
3478,16620,"Bamba, La (1987)",Drama,,
3479,526,Ladyhawke (1985),Adventure Fantasy Romance,,
3481,243,High Fidelity (2000),Comedy Drama Romance,,
3483,10501,"Road to El Dorado, The (2000)",Animation Children,,
3484,11478,"Skulls, The (2000)",Thriller,,
3489,879,Hook (1991),Adventure Comedy Fantasy,,
3503,593,Solaris (Solyaris) (1972),Drama Mystery Sci-Fi,,
3504,10774,Network (1976),Comedy Drama,,
3510,10559,Frequency (2000),Drama Thriller,,
3511,20697,Ready to Rumble (2000),Comedy,,
3512,2621,Return to Me (2000),Drama Romance,,
3519,17339,Force 10 from Navarone (1978),Action Drama War,,
3527,106,Predator (1987),Action Sci-Fi Thriller,,
3528,10333,"Prince of Tides, The (1991)",Drama Romance,,
3529,11027,"Postman Always Rings Twice, The (1981)",Crime Thriller,,
3534,10468,28 Days (2000),Drama,,
3535,1359,American Psycho (2000),Crime Horror Mystery Thriller,,
3536,4967,Keeping the Faith (2000),Comedy Drama Romance,,
3538,10557,East is East (1999),Comedy,,
3543,13776,Diner (1982),Comedy Drama,,
3552,11977,Caddyshack (1980),Comedy,,
3553,18041,Gossip (2000),Drama Thriller,,
3554,14736,Love and Basketball (2000),Drama Romance,,
3555,3536,U-571 (2000),Action Thriller War,,
3556,1443,"Virgin Suicides, The (1999)",Drama Romance,,
3564,889,"Flintstones in Viva Rock Vegas, The (2000)",Children Comedy,,
3565,10564,Where the Heart Is (2000),Comedy Drama,,
3568,125537,Smiling Fish and Goat on Fire (1999),Comedy Romance,,
3578,98,Gladiator (2000),Action Adventure Drama,,
3581,11129,Human Traffic (1999),Comedy,,
3593,5491,Battlefield Earth (2000),Action Sci-Fi,,
3594,10560,Center Stage (2000),Drama Musical,,
3596,19419,Screwed (2000),Comedy,,
3597,23531,Whipped (2000),Comedy,,
3615,10567,Dinosaur (2000),Adventure Animation Children,,
3616,10642,Loser (2000),Comedy Romance,,
3617,9285,Road Trip (2000),Comedy,,
3618,10569,Small Time Crooks (2000),Comedy Crime,,
3623,955,Mission: Impossible II (2000),Action Adventure Thriller,,
3624,8584,Shanghai Noon (2000),Action Adventure Comedy Western,,
3633,668,On Her Majesty's Secret Service (1969),Action Adventure Romance Thriller,,
3635,691,"Spy Who Loved Me, The (1977)",Action Adventure Thriller,,
3638,698,Moonraker (1979),Action Adventure Sci-Fi Thriller,,
3639,682,"Man with the Golden Gun, The (1974)",Action Adventure Thriller,,
3646,9600,Big Momma's House (2000),Comedy,,
3671,11072,Blazing Saddles (1974),Comedy Western,,
3672,23069,Benji (1974),Adventure Children,,
3676,985,Eraserhead (1977),Drama Horror,,
3686,1551,Flatliners (1990),Horror Sci-Fi Thriller,,
3688,10246,Porky's (1982),Comedy,,
3693,15239,"Toxic Avenger, The (1985)",Comedy Horror,,
3694,28165,"Toxic Avenger, Part II, The (1989)",Comedy Horror,,
3697,169,Predator 2 (1990),Action Sci-Fi Thriller,,
3698,865,"Running Man, The (1987)",Action Sci-Fi,,
3702,9659,Mad Max (1979),Action Adventure Sci-Fi,,
3703,8810,"Road Warrior, The (Mad Max 2) (1981)",Action Adventure Sci-Fi Thriller,,
3704,9355,Mad Max Beyond Thunderdome (1985),Action Adventure Sci-Fi,,
3707,10068,9 1/2 Weeks (Nine 1/2 Weeks) (1986),Drama Romance,,
3708,11495,Firestarter (1984),Horror Thriller,,
3710,10117,Action Jackson (1988),Action Comedy Crime Thriller,,
3717,9679,Gone in 60 Seconds (2000),Action Crime,,
3730,592,"Conversation, The (1974)",Drama Mystery,,
3740,6978,Big Trouble in Little China (1986),Action Adventure Comedy Fantasy,,
3743,10571,Boys and Girls (2000),Comedy Romance,,
3744,479,Shaft (2000),Action Crime Thriller,,
3745,7450,Titan A.E. (2000),Action Adventure Animation Children Sci-Fi,,
3747,25636,Jesus' Son (1999),Drama,,
3751,7443,Chicken Run (2000),Animation Children Comedy,,
3752,2123,"Me, Myself & Irene (2000)",Adventure Comedy,,
3753,2024,"Patriot, The (2000)",Action Drama War,,
3754,17711,"Adventures of Rocky and Bullwinkle, The (2000)",Adventure Animation Children Comedy Fantasy,,
3755,2133,"Perfect Storm, The (2000)",Drama Thriller,,
3760,11598,"Kentucky Fried Movie, The (1977)",Comedy,,
3761,9702,"Blood In, Blood Out (1993)",Action Crime Drama Thriller,,
3774,16096,House Party 2 (1991),Comedy Drama Romance,,
3784,4244,"Kid, The (2000)",Comedy Fantasy,,
3786,20770,But I'm a Cheerleader (1999),Comedy,,
3790,23655,Groove (2000),Drama,,
3791,1788,Footloose (1984),Drama,,
3792,32275,Duel in the Sun (1946),Drama Romance Western,,
3793,36657,X-Men (2000),Action Adventure Sci-Fi,,
3794,44490,Chuck & Buck (2000),Comedy Drama,,
3797,36047,"In Crowd, The (2000)",Thriller,,
3798,2655,What Lies Beneath (2000),Drama Horror Mystery,,
3812,11624,Everything You Always Wanted to Know About Sex * But Were Afraid to Ask (1972),Comedy,,
3821,12107,Nutty Professor II: The Klumps (2000),Comedy,,
3824,10641,Autumn in New York (2000),Drama Romance,,
3825,6282,Coyote Ugly (2000),Comedy Drama Romance,,
3826,9383,Hollow Man (2000),Horror Sci-Fi Thriller,,
3827,5551,Space Cowboys (2000),Action Adventure Comedy Sci-Fi,,
3830,27723,Psycho Beach Party (2000),Comedy Horror Thriller,,
3833,33468,"Brain That Wouldn't Die, The (1962)",Horror Sci-Fi,,
3837,15158,Phantasm II (1988),Action Fantasy Horror Sci-Fi Thriller,,
3857,10391,Bless the Child (2000),Thriller,,
3858,14195,Cecil B. DeMented (2000),Comedy,,
3861,10393,"Replacements, The (2000)",Comedy,,
3863,8843,"Cell, The (2000)",Drama Horror Thriller,,
3864,10643,Godzilla 2000 (Gojira ni-sen mireniamu) (1999),Action Adventure Sci-Fi,,
3865,23618,"Original Kings of Comedy, The (2000)",Comedy Documentary,,
3869,37137,"Naked Gun 2 1/2: The Smell of Fear, The (1991)",Comedy,,
3879,11398,"Art of War, The (2000)",Action Thriller,,
3882,1588,Bring It On (2000),Comedy,,
3884,19150,"Crew, The (2000)",Comedy,,
3889,12211,Highlander: Endgame (Highlander IV) (2000),Action Adventure Fantasy,,
3893,10480,Nurse Betty (2000),Comedy Crime Drama Romance Thriller,,
3895,10685,"Watcher, The (2000)",Crime Thriller,,
3896,1619,"Way of the Gun, The (2000)",Crime Thriller,,
3897,786,Almost Famous (2000),Drama,,
3901,18074,Duets (2000),Comedy Drama,,
3908,12212,Urban Legends: Final Cut (2000),Horror,,
3909,14629,Woman on Top (2000),Comedy Romance,,
3910,16,Dancer in the Dark (2000),Drama Musical,,
3911,13785,Best in Show (2000),Comedy,,
3914,22597,"Broken Hearts Club, The (2000)",Drama,,
3916,10637,Remember the Titans (2000),Drama,,
3917,9003,Hellraiser (1987),Horror,,
3943,24664,Bamboozled (2000),Comedy,,
3945,20455,Digimon: The Movie (2000),Adventure Animation Children,,
3946,10461,Get Carter (2000),Action Drama Thriller,,
3948,1597,Meet the Parents (2000),Comedy,,
3949,641,Requiem for a Dream (2000),Drama,,
3952,6521,"Contender, The (2000)",Drama Thriller,,
3955,16888,"Ladies Man, The (2000)",Comedy,,
3967,71,Billy Elliot (2000),Drama,,
3968,1636,Bedazzled (2000),Comedy,,
3969,10647,Pay It Forward (2000),Drama,,
3972,12207,"Legend of Drunken Master, The (Jui kuen II) (1994)",Action Comedy,,
3973,11531,Book of Shadows: Blair Witch 2 (2000),Crime Horror Mystery Thriller,,
3974,24100,"Little Vampire, The (2000)",Adventure Children,,
3977,4327,Charlie's Angels (2000),Action Comedy,,
3978,4958,"Legend of Bagger Vance, The (2000)",Drama Romance,,
3979,9678,Little Nicky (2000),Comedy,,
3980,11978,Men of Honor (2000),Drama,,
3981,8870,Red Planet (2000),Action Sci-Fi Thriller,,
3983,14295,You Can Count on Me (2000),Drama Romance,,
3984,681,Diamonds Are Forever (1971),Action Adventure Thriller,,
3986,8452,"6th Day, The (2000)",Action Sci-Fi Thriller,,
3988,8871,How the Grinch Stole Christmas (a.k.a. The Grinch) (2000),Children Comedy Fantasy,,
3990,16340,Rugrats in Paris: The Movie (2000),Animation Children Comedy,,
3991,10481,102 Dalmatians (2000),Children Comedy,,
3993,10876,Quills (2000),Drama Romance,,
3994,9741,Unbreakable (2000),Drama Sci-Fi,,
3996,146,"Crouching Tiger, Hidden Dragon (Wo hu cang long) (2000)",Action Drama Romance,,
3998,11983,Proof of Life (2000),Drama,,
3999,11678,Vertical Limit (2000),Action Adventure,,
4000,2669,"Bounty, The (1984)",Adventure Drama,,
4005,708,"Living Daylights, The (1987)",Action Adventure Thriller,,
4007,10673,Wall Street (1987),Drama,,
4008,2604,Born on the Fourth of July (1989),Drama War,,
4009,10132,Talk Radio (1988),Drama,,
4011,107,Snatch (2000),Comedy Crime Thriller,,
4014,392,Chocolat (2000),Drama Romance,,
4015,8859,"Dude, Where's My Car? (2000)",Comedy Sci-Fi,,
4016,11688,"Emperor's New Groove, The (2000)",Adventure Animation Children Comedy Fantasy,,
4017,12509,Pollock (2000),Drama,,
4018,3981,What Women Want (2000),Comedy Romance,,
4019,711,Finding Forrester (2000),Drama,,
4022,8358,Cast Away (2000),Drama,,
4023,5994,"Family Man, The (2000)",Comedy Drama Romance,,
4024,25520,"House of Mirth, The (2000)",Romance,,
4025,1493,Miss Congeniality (2000),Comedy Crime,,
4027,134,"O Brother, Where Art Thou? (2000)",Adventure Comedy Crime,,
4030,10577,Dracula 2000 (2000),Horror,,
4031,21355,All the Pretty Horses (2000),Drama Romance Western,,
4032,29122,"Everlasting Piece, An (2000)",Comedy,,
4033,11973,Thirteen Days (2000),Drama Thriller War,,
4034,1900,Traffic (2000),Crime Drama Thriller,,
4035,44853,"Claim, The (2000)",Romance Western,,
4036,10873,Shadow of the Vampire (2000),Drama Horror,,
4047,10655,Gettysburg (1993),Drama War,,
4052,9989,Antitrust (2001),Crime Drama Thriller,,
4053,18828,Double Take (2001),Action Comedy,,
4054,9816,Save the Last Dance (2001),Drama Romance,,
4056,5955,"Pledge, The (2001)",Crime Drama Mystery Thriller,,
4062,11191,Mystic Pizza (1988),Comedy Drama Romance,,
4069,2018,"Wedding Planner, The (2001)",Comedy Romance,,
4084,96,Beverly Hills Cop II (1987),Action Comedy Crime Thriller,,
4085,90,Beverly Hills Cop (1984),Action Comedy Crime Drama,,
4090,19933,"Brave Little Toaster, The (1987)",Animation Children,,
4105,764,"Evil Dead, The (1981)",Fantasy Horror Thriller,,
4116,34101,Hollywood Shuffle (1987),Comedy,,
4123,12704,Ishtar (1987),Comedy,,
4124,580,Jaws: The Revenge (1987),Horror Thriller,,
4128,1547,"Lost Boys, The (1987)",Comedy Horror Thriller,,
4141,24940,Head Over Heels (2001),Comedy Romance,,
4143,10984,Valentine (2001),Horror Mystery,,
4149,10878,Saving Silverman (Evil Woman) (2001),Comedy Romance,,
4153,16300,Down to Earth (2001),Comedy Fantasy Romance,,
4154,19405,Recess: School's Out (2001),Animation Children,,
4155,1921,Sweet November (2001),Drama Romance,,
4158,23685,Monkeybone (2001),Animation Comedy Fantasy,,
4159,12138,3000 Miles to Graceland (2001),Action Thriller,,
4160,48217,"Widow of St. Pierre, The (Veuve de Saint-Pierre, La) (2000)",Drama Romance,,
4161,6073,"Mexican, The (2001)",Action Comedy,,
4164,25208,"Caveman's Valentine, The (2001)",Drama,,
4167,2749,15 Minutes (2001),Thriller,,
4168,10050,Get Over It (2001),Comedy Romance,,
4189,2428,"Greatest Story Ever Told, The (1965)",Drama,,
4190,22013,Elmer Gantry (1960),Drama,,
4200,9594,Double Impact (1991),Action,,
4203,2453,Harley Davidson and the Marlboro Man (1991),Action Crime Drama,,
4204,33676,Losin' It (1983),Comedy,,
4218,21309,River's Edge (1986),Crime Drama,,
4223,853,Enemy at the Gates (2001),Drama War,,
4224,10877,Exit Wounds (2001),Action Thriller,,
4226,77,Memento (2000),Mystery Thriller,,
4228,10833,Heartbreakers (2001),Comedy Crime Romance,,
4229,20309,Say It Isn't So (2001),Comedy Romance,,
4231,12658,Someone Like You (2001),Comedy Romance,,
4232,10054,Spy Kids (2001),Action Adventure Children Comedy,,
4233,10646,Tomcats (2001),Comedy,,
4234,2575,"Tailor of Panama, The (2001)",Drama Thriller,,
4235,55,Amores Perros (Love's a Bitch) (2000),Drama Thriller,,
4238,2043,Along Came a Spider (2001),Action Crime Mystery Thriller,,
4239,4133,Blow (2001),Crime Drama,,
4240,56715,Just Visiting (2001),Comedy Fantasy,,
4241,10991,Pokémon 3: The Movie (2001),Animation Children,,
4243,26791,Brigham City (2001),Crime Drama Mystery,,
4246,634,Bridget Jones's Diary (2001),Comedy Drama Romance,,
4247,10956,Joe Dirt (2001),Adventure Comedy Mystery Romance,,
4248,19366,Josie and the Pussycats (2001),Comedy,,
4252,13898,"Circle, The (Dayereh) (2000)",Drama,,
4254,9290,Crocodile Dundee in Los Angeles (2001),Comedy Drama,,
4255,13166,Freddy Got Fingered (2001),Comedy,,
4262,111,Scarface (1983),Action Crime Drama,,
4265,10477,Driven (2001),Action Thriller,,
4268,24113,Town & Country (2001),Comedy,,
4270,1734,"Mummy Returns, The (2001)",Action Adventure Comedy Thriller,,
4275,849,Krull (1983),Action Adventure Fantasy Sci-Fi,,
4299,9476,"Knight's Tale, A (2001)",Action Comedy Romance,,
4305,5852,Angel Eyes (2001),Romance Thriller,,
4306,808,Shrek (2001),Adventure Animation Children Comedy Fantasy Romance,,
4308,824,Moulin Rouge (2001),Drama Musical Romance,,
4310,676,Pearl Harbor (2001),Action Drama Romance War,,
4340,11090,"Animal, The (2001)",Comedy,,
4344,9705,Swordfish (2001),Action Crime Drama,,
4349,10364,Catch-22 (1970),Comedy War,,
4361,9576,Tootsie (1982),Comedy Romance,,
4366,10865,Atlantis: The Lost Empire (2001),Adventure Animation Children Fantasy,,
4367,1995,Lara Croft: Tomb Raider (2001),Action Adventure,,
4368,10808,Dr. Dolittle 2 (2001),Comedy,,
4369,9799,"Fast and the Furious, The (2001)",Action Crime Thriller,,
4370,644,A.I. Artificial Intelligence (2001),Adventure Drama Sci-Fi,,
4371,16161,Baby Boy (2001),Crime Drama,,
4372,10691,Crazy/Beautiful (2001),Drama Romance,,
4373,10615,Pootie Tang (2001),Comedy,,
4378,11826,Sexy Beast (2000),Crime Drama,,
4386,10992,Cats & Dogs (2001),Children Comedy,,
4387,2140,Kiss of the Dragon (2001),Action,,
4388,4248,Scary Movie 2 (2001),Comedy,,
4406,11697,"Man Who Shot Liberty Valance, The (1962)",Crime Drama Western,,
4407,6106,Salvador (1986),Drama Thriller War,,
4422,10238,Cries and Whispers (Viskningar och rop) (1972),Drama,,
4428,11536,"Misfits, The (1961)",Comedy Drama Romance Western,,
4429,10339,Moby Dick (1956),Drama,,
4442,13938,"Last Dragon, The (1985)",Action Comedy Drama,,
4446,2114,Final Fantasy: The Spirits Within (2001),Adventure Animation Fantasy Sci-Fi,,
4447,8835,Legally Blonde (2001),Comedy Romance,,
4448,11371,"Score, The (2001)",Action Drama,,
4450,9517,Bully (2001),Crime Drama Thriller,,
4452,15745,Made (2001),Comedy,,
4453,24977,Michael Jordan to the Max (2000),Documentary IMAX,,
4482,17170,"Bright Lights, Big City (1988)",Drama,,
4517,49365,Lady in White (a.k.a. The Mystery of the Lady in White) (1988),Horror Mystery Thriller,,
4519,12144,"Land Before Time, The (1988)",Adventure Animation Children Fantasy,,
4526,12120,My Stepmother Is an Alien (1988),Comedy Romance Sci-Fi,,
4533,10925,"Return of the Living Dead, The (1985)",Comedy Horror Sci-Fi,,
4535,24266,"Man from Snowy River, The (1982)",Drama Romance Western,,
4553,8337,They Live (1988),Action Sci-Fi Thriller,,
4558,9493,Twins (1988),Comedy,,
4571,1648,Bill & Ted's Excellent Adventure (1989),Adventure Comedy Sci-Fi,,
4572,4105,Black Rain (1989),Action Crime Drama,,
4623,9942,Major League (1989),Comedy,,
4628,9686,New York Stories (1989),Comedy Drama,,
4638,331,Jurassic Park III (2001),Action Adventure Sci-Fi Thriller,,
4639,11467,America's Sweethearts (2001),Comedy Romance,,
4640,327,Brother (2000),Action Crime Thriller,,
4641,1548,Ghost World (2001),Comedy Drama,,
4642,13403,Hedwig and the Angry Inch (2000),Comedy Drama Musical,,
4643,869,Planet of the Apes (2001),Action Adventure Drama Sci-Fi,,
4645,36095,Cure (1997),Crime Horror Thriller,,
4654,10135,Road House (1989),Action Drama,,
4661,12150,Sea of Love (1989),Crime Drama Thriller,,
4673,9618,Tango & Cash (1989),Action Comedy Crime Thriller,,
4676,22102,Troop Beverly Hills (1989),Comedy,,
4678,11959,UHF (1989),Comedy,,
4690,2148,"Cotton Club, The (1984)",Crime Musical,,
4699,2057,Original Sin (2001),Drama Romance Thriller,,
4700,9880,"Princess Diaries, The (2001)",Children Comedy Romance,,
4701,5175,Rush Hour 2 (2001),Action Comedy,,
4709,20391,Paint Your Wagon (1969),Comedy Musical Western,,
4718,2770,American Pie 2 (2001),Comedy,,
4719,12610,Osmosis Jones (2001),Action Animation Comedy Crime Drama Romance Thriller,,
4720,1933,"Others, The (2001)",Drama Horror Mystery Thriller,,
4721,13496,American Outlaws (2001),Action Comedy Western,,
4725,10972,Session 9 (2001),Horror Thriller,,
4727,1722,Captain Corelli's Mandolin (2001),Drama Romance War,,
4728,9896,Rat Race (2001),Comedy,,
4732,9683,Bubble Boy (2001),Comedy,,
4733,2779,"Curse of the Jade Scorpion, The (2001)",Comedy,,
4734,2294,Jay and Silent Bob Strike Back (2001),Adventure Comedy,,
4735,10016,Ghosts of Mars (2001),Horror Sci-Fi Thriller,,
4736,26602,Summer Catch (2001),Comedy Drama Romance,,
4744,8922,Jeepers Creepers (2001),Horror,,
4745,11065,O (2001),Drama,,
4749,18885,3 Ninjas Kick Back (1994),Action Children Comedy,,
4756,11370,"Musketeer, The (2001)",Action Adventure Drama Romance,,
4757,12508,Rock Star (2001),Comedy Drama Musical,,
4759,25462,Two Can Play That Game (2001),Comedy Drama,,
4765,18734,L.I.E. (2001),Drama,,
4770,2176,"Glass House, The (2001)",Thriller,,
4771,20857,Hardball (2001),Drama,,
4772,22617,Dinner Rush (2000),Drama,,
4774,2185,Big Trouble (2002),Comedy Crime,,
4775,10696,Glitter (2001),Drama Musical Romance,,
4776,2034,Training Day (2001),Crime Drama Thriller,,
4799,11576,"It's a Mad, Mad, Mad, Mad World (1963)",Action Adventure Comedy Crime,,
4804,248,Pocketful of Miracles (1961),Comedy Drama,,
4814,12103,Don't Say a Word (2001),Thriller,,
4815,11313,Hearts in Atlantis (2001),Drama,,
4816,9398,Zoolander (2001),Comedy,,
4821,10866,Joy Ride (2001),Adventure Thriller,,
4822,34549,Max Keeble's Big Move (2001),Children Comedy,,
4823,9778,Serendipity (2001),Comedy Romance,,
4831,40932,Can't Stop the Music (1980),Comedy Musical,,
4835,16769,Coal Miner's Daughter (1980),Drama,,
4844,3172,Bandits (2001),Comedy Crime Romance,,
4845,17708,Corky Romano (2001),Comedy Crime,,
4848,1018,Mulholland Drive (2001),Crime Drama Film-Noir Mystery Thriller,,
4857,14811,Fiddler on the Roof (1971),Drama Musical,,
4865,768,From Hell (2001),Crime Horror Mystery Thriller,,
4866,2100,"Last Castle, The (2001)",Action,,
4867,11091,Riding in Cars with Boys (2001),Comedy Drama,,
4874,167,K-PAX (2001),Drama Fantasy Mystery Sci-Fi,,
4876,9378,Thirteen Ghosts (a.k.a. Thir13en Ghosts) (2001),Horror Thriller,,
4878,141,Donnie Darko (2001),Drama Mystery Sci-Fi Thriller,,
4879,10034,High Heels and Low Lifes (2001),Action Comedy Crime Drama,,
4880,11457,Life as a House (2001),Drama,,
4885,11456,Domestic Disturbance (2001),Thriller,,
4886,585,"Monsters, Inc. (2001)",Adventure Animation Children Comedy Fantasy,,
4887,10796,"One, The (2001)",Action Sci-Fi Thriller,,
4890,9889,Shallow Hal (2001),Comedy Fantasy Romance,,
4896,671,Harry Potter and the Sorcerer's Stone (a.k.a. Harry Potter and the Philosopher's Stone) (2001),Adventure Children Fantasy,,
4898,20794,Novocaine (2001),Comedy Crime Mystery Thriller,,
4899,11469,Black Knight (2001),Adventure Comedy Fantasy,,
4900,14369,Out Cold (2001),Comedy,,
4901,1535,Spy Game (2001),Action Crime Drama Thriller,,
4903,1999,In the Bedroom (2001),Drama,,
4915,16441,"Beastmaster, The (1982)",Action Adventure Fantasy,,
4919,10656,Subway (1985),Crime Drama Romance Thriller,,
4932,11033,Dressed to Kill (1980),Mystery Thriller,,
4941,3604,Flash Gordon (1980),Action Adventure Sci-Fi,,
4958,8007,Behind Enemy Lines (2001),Action Drama War,,
4962,13503,Texas Rangers (2001),Adventure Western,,
4963,161,Ocean's Eleven (2001),Crime Thriller,,
4965,31064,"Business of Strangers, The (2001)",Action Drama Thriller,,
4973,194,"Amelie (Fabuleux destin d'Amélie Poulain, Le) (2001)",Comedy Romance,,
4974,11397,Not Another Teen Movie (2001),Comedy,,
4975,1903,Vanilla Sky (2001),Mystery Romance Sci-Fi Thriller,,
4976,11889,Iris (2001),Drama,,
4979,9428,"Royal Tenenbaums, The (2001)",Comedy Drama,,
4980,1649,Bill & Ted's Bogus Journey (1991),Adventure Comedy Fantasy Sci-Fi,,
4985,24264,Sheena (1984),Action Adventure Fantasy,,
4989,8386,How High (2001),Comedy,,
4990,12589,Jimmy Neutron: Boy Genius (2001),Adventure Animation Children Comedy,,
4991,12312,Joe Somebody (2001),Comedy Drama Romance,,
4992,11232,Kate & Leopold (2001),Comedy Romance,,
4993,120,"Lord of the Rings: The Fellowship of the Ring, The (2001)",Adventure Fantasy,,
4994,11086,"Majestic, The (2001)",Comedy Drama Romance,,
4995,453,"Beautiful Mind, A (2001)",Drama Romance,,
5009,8489,Ali (2001),Drama,,
5010,855,Black Hawk Down (2001),Action Drama War,,
5012,10269,Yentl (1983),Drama Musical Romance,,
5013,5279,Gosford Park (2001),Comedy Drama Mystery,,
5014,10950,I Am Sam (2001),Drama,,
5015,1365,Monster's Ball (2001),Drama Romance,,
5016,6440,"Shipping News, The (2001)",Drama,,
5039,848,Dragonslayer (1981),Action Adventure Fantasy,,
5040,9610,Conan the Destroyer (1984),Action Adventure Fantasy,,
5046,4965,Impostor (2002),Action Drama Sci-Fi Thriller,,
5047,11891,Kung Pow: Enter the Fist (2002),Action Comedy,,
5048,11888,Snow Dogs (2002),Adventure Children Comedy,,
5064,11362,The Count of Monte Cristo (2002),Action Adventure Drama Thriller,,
5065,2637,"Mothman Prophecies, The (2002)",Drama Fantasy Horror Mystery Thriller,,
5066,10229,"Walk to Remember, A (2002)",Drama Romance,,
5076,34723,"Adventures of Huck Finn, The (1993)",Adventure Children Comedy Drama,,
5080,20009,Slackers (2002),Comedy,,
5081,2084,Birthday Girl (2001),Drama Romance,,
5092,11870,Big Fat Liar (2002),Children Comedy,,
5093,9884,Collateral Damage (2002),Action Thriller,,
5094,11535,Rollerball (2002),Action Sci-Fi,,
5096,11212,Baby's Day Out (1994),Comedy,,
5106,17130,Crossroads (2002),Comedy Musical Romance,,
5107,10592,Hart's War (2002),Drama War,,
5108,8470,John Q (2002),Crime Drama Thriller,,
5109,16690,Return to Never Land (2002),Adventure Animation Children,,
5110,39939,Super Troopers (2001),Comedy Crime Mystery,,
5112,14778,Last Orders (2001),Drama,,
5127,10052,Dragonfly (2002),Drama Fantasy Mystery Romance Thriller,,
5128,11979,Queen of the Damned (2002),Fantasy Horror,,
5134,9991,Mean Machine (2001),Comedy Drama,,
5135,480,Monsoon Wedding (2001),Comedy Romance,,
5139,23479,"Bad News Bears, The (1976)",Comedy,,
5151,2752,40 Days and 40 Nights (2002),Comedy Romance,,
5152,10590,We Were Soldiers (2002),Action Drama War,,
5170,13950,All About the Benjamins (2002),Action Comedy Crime,,
5171,2135,"Time Machine, The (2002)",Action Adventure Sci-Fi,,
5218,425,Ice Age (2002),Adventure Animation Children Comedy,,
5219,1576,Resident Evil (2002),Action Horror Sci-Fi Thriller,,
5222,15647,Kissing Jessica Stein (2001),Comedy Romance,,
5225,1391,And Your Mother Too (Y tu mamá también) (2001),Drama Romance,,
5254,36586,Blade II (2002),Action Horror Thriller,,
5255,6020,Sorority Boys (2002),Comedy,,
5256,39541,Stolen Summer (2002),Drama,,
5258,18292,George Washington (2000),Drama,,
5264,15028,Clockstoppers (2002),Action Adventure Sci-Fi Thriller,,
5265,9275,Death to Smoochy (2002),Comedy Crime Drama,,
5266,4547,Panic Room (2002),Thriller,,
5267,14635,"Rookie, The (2002)",Drama,,
5282,11560,High Crimes (2002),Thriller,,
5283,11452,National Lampoon's Van Wilder (2002),Comedy,,
5285,35944,Lucky Break (2001),Comedy Crime,,
5293,1537,Changing Lanes (2002),Drama Thriller,,
5294,12149,Frailty (2001),Crime Drama Thriller,,
5296,11812,"Sweetest Thing, The (2002)",Comedy Romance,,
5299,8346,My Big Fat Greek Wedding (2002),Comedy Romance,,
5308,12154,Three Men and a Baby (1987),Comedy,,
5312,11892,Murder by Numbers (2002),Crime Thriller,,
5313,9334,The Scorpion King (2002),Action Adventure Fantasy Thriller,,
5319,18079,Nine Queens (Nueve reinas) (2000),Crime Thriller,,
5323,11470,Jason X (2002),Horror Sci-Fi Thriller,,
5324,16643,Life or Something Like It (2002),Comedy Romance,,
5325,1282,Dogtown and Z-Boyz (2001),Documentary,,
5329,11468,"Salton Sea, The (2002)",Crime Drama Thriller,,
5347,13201,Deuces Wild (2002),Drama,,
5348,9689,Hollywood Ending (2002),Comedy Drama,,
5349,557,Spider-Man (2002),Action Adventure Sci-Fi Thriller,,
5361,12227,White Fang (1991),Adventure,,
5363,10985,"New Guy, The (2002)",Comedy,,
5364,2251,Unfaithful (2002),Drama Thriller,,
5377,245,About a Boy (2002),Comedy Drama Romance,,
5378,1894,Star Wars: Episode II - Attack of the Clones (2002),Action Adventure Sci-Fi IMAX,,
5379,4012,"Believer, The (2001)",Drama,,
5380,9026,"Importance of Being Earnest, The (2002)",Comedy Drama Romance,,
5385,13963,"Last Waltz, The (1978)",Documentary,,
5387,1957,Enough (2002),Drama Thriller,,
5388,320,Insomnia (2002),Action Crime Drama Mystery Thriller,,
5389,9023,Spirit: Stallion of the Cimarron (2002),Adventure Animation Children Western,,
5391,17734,Thirteen Conversations About One Thing (a.k.a. 13 Conversations) (2001),Drama,,
5400,4614,"Sum of All Fears, The (2002)",Drama Thriller,,
5401,12277,Undercover Brother (2002),Comedy,,
5410,811,Silent Running (1972),Drama Sci-Fi,,
5414,3132,Bad Company (2002),Action Comedy Crime,,
5415,9583,Divine Secrets of the Ya-Ya Sisterhood (2002),Comedy Drama,,
5418,2501,"Bourne Identity, The (2002)",Action Mystery Thriller,,
5419,9637,Scooby-Doo (2002),Adventure Children Comedy Fantasy Mystery,,
5420,12100,Windtalkers (2002),Action Drama War,,
5421,16857,"Dangerous Lives of Altar Boys, The (2002)",Drama,,
5424,27451,Harvard Man (2001),Crime Drama Romance Thriller,,
5440,13909,She Wore a Yellow Ribbon (1949),Western,,
5443,35696,Juwanna Mann (2002),Comedy,,
5444,11544,Lilo & Stitch (2002),Adventure Animation Children Sci-Fi,,
5445,180,Minority Report (2002),Action Crime Mystery Sci-Fi Thriller,,
5446,9555,Rabbit-Proof Fence (2002),Adventure Drama,,
5447,57022,Sunshine State (2002),Drama,,
5448,17710,Hey Arnold! The Movie (2002),Adventure Animation Children Comedy,,
5449,2022,Mr. Deeds (2002),Comedy Romance,,
5450,50035,Lovely & Amazing (2001),Comedy Drama Romance,,
5458,21972,Like Mike (2002),Children Comedy Fantasy,,
5459,608,Men in Black II (a.k.a. MIIB) (a.k.a. MIB 2) (2002),Action Comedy Sci-Fi,,
5462,17043,"Crocodile Hunter: Collision Course, The (2002)",Adventure Comedy,,
5463,6278,Reign of Fire (2002),Action Adventure Fantasy,,
5464,4147,Road to Perdition (2002),Crime Drama,,
5472,14902,1776 (1972),Children Drama Musical,,
5476,11442,Halloween: Resurrection (Halloween 8) (2002),Horror Thriller,,
5478,8869,Eight Legged Freaks (2002),Action Comedy Horror Sci-Fi,,
5479,8665,K-19: The Widowmaker (2002),Action Adventure Drama Thriller,,
5480,10996,Stuart Little 2 (2002),Children Comedy,,
5481,818,Austin Powers in Goldmember (2002),Comedy,,
5485,39141,Tadpole (2002),Comedy Drama Romance,,
5499,10786,Robin and Marian (1976),Adventure Drama Romance,,
5501,13908,"Master of Disguise, The (2002)",Comedy Mystery,,
5502,2675,Signs (2002),Horror Sci-Fi Thriller,,
5504,9488,Spy Kids 2: The Island of Lost Dreams (2002),Adventure Children,,
5505,9962,"Good Girl, The (2002)",Comedy Drama,,
5506,9573,Blood Work (2002),Crime Drama Mystery Thriller,,
5507,7451,xXx (2002),Action Crime Thriller,,
5513,20337,Martin Lawrence Live: Runteldat (2002),Comedy Documentary,,
5523,11692,"Adventures of Pluto Nash, The (2002)",Action Adventure Comedy Sci-Fi,,
5524,9266,Blue Crush (2002),Adventure Drama Romance,,
5528,9357,One Hour Photo (2002),Drama Thriller,,
5529,12771,Serving Sara (2002),Comedy Romance,,
5531,15070,Undisputed (2002),Drama,,
5550,39833,Love Me Tender (1956),Musical Western,,
5556,9544,FearDotCom (a.k.a. Fear.com) (a.k.a. Fear Dot Com) (2002),Crime Horror Thriller,,
5563,13536,City by the Sea (2002),Crime Drama,,
5564,20616,Swimfan (2002),Thriller,,
5572,10611,Barbershop (2002),Comedy,,
5573,12770,Stealing Harvard (2002),Comedy Crime,,
5574,4108,"Transporter, The (2002)",Action Crime,,
5575,55903,Alias Betty (Betty Fisher et autres histoires) (2001),Crime Drama,,
5577,9685,Igby Goes Down (2002),Comedy Drama,,
5596,34086,Spaced Invaders (1990),Adventure Comedy Sci-Fi,,
5609,10550,Ballistic: Ecks vs. Sever (2002),Action Thriller,,
5610,9034,"Banger Sisters, The (2002)",Comedy Drama,,
5611,9093,"Four Feathers, The (2002)",Adventure War,,
5613,1958,8 Women (2002),Comedy Crime Musical Mystery,,
5617,11013,Secretary (2002),Comedy Drama Romance,,
5618,129,Spirited Away (Sen to Chihiro no kamikakushi) (2001),Adventure Animation Fantasy,,
5620,11529,Sweet Home Alabama (2002),Comedy Romance,,
5621,10771,"Tuxedo, The (2002)",Action Comedy,,
5625,31005,Moonlight Mile (2002),Drama Romance,,
5628,2110,Wasabi (2001),Action Comedy Crime Drama Thriller,,
5629,15173,Jonah: A VeggieTales Movie (2002),Animation Children Musical,,
5630,9533,Red Dragon (2002),Crime Mystery Thriller,,
5632,4107,Bloody Sunday (2002),Drama,,
5636,9260,Welcome to Collinwood (2002),Comedy Crime,,
5664,37964,Brown Sugar (2002),Romance,,
5665,7501,Knockaround Guys (2002),Action Comedy Crime,,
5666,1809,"Rules of Attraction, The (2002)",Comedy Drama Romance Thriller,,
5667,13768,Tuck Everlasting (2002),Drama Fantasy,,
5668,10994,White Oleander (2002),Drama,,
5669,1430,Bowling for Columbine (2002),Documentary,,
5673,8051,Punch-Drunk Love (2002),Comedy Drama Romance,,
5675,12779,Swept Away (2002),Comedy Romance,,
5678,1613,Formula 51 (2001),Action Comedy Crime Thriller,,
5680,14112,Auto Focus (2002),Crime Drama,,
5685,30309,Real Women Have Curves (2002),Comedy Drama,,
5712,11644,Blow Out (1981),Mystery Thriller,,
5745,25113,"Four Seasons, The (1981)",Comedy Drama,,
5768,16471,Modern Problems (1981),Comedy Fantasy,,
5784,9645,Ghost Ship (2002),Horror,,
5785,9012,Jackass: The Movie (2002),Action Comedy Documentary,,
5788,12454,All or Nothing (2002),Drama,,
5791,1360,Frida (2002),Drama Romance,,
5803,8427,I Spy (2002),Action Adventure Comedy Crime,,
5804,9021,"Santa Clause 2, The (2002)",Children Comedy Fantasy Romance,,
5809,9280,Femme Fatale (2002),Crime Thriller,,
5810,65,8 Mile (2002),Drama,,
5812,10712,Far from Heaven (2002),Drama Romance,,
5816,672,Harry Potter and the Chamber of Secrets (2002),Adventure Fantasy,,
5817,16351,Ararat (2002),Drama War,,
5818,542,"Crime of Father Amaro, The (Crimen del padre Amaro, El) (2002)",Drama Romance,,
5829,34341,Men with Brooms (2002),Comedy Drama Romance,,
5841,13888,Return to the Blue Lagoon (1991),Adventure Romance,,
5872,36669,Die Another Day (2002),Action Adventure Thriller,,
5873,17187,The Emperor's Club (2002),Drama,,
5874,10426,Friday After Next (2002),Comedy,,
5876,8198,"Quiet American, The (2002)",Drama Thriller War,,
5880,15074,Extreme Ops (2002),Action Adventure Crime Thriller,,
5882,9016,Treasure Planet (2002),Adventure Animation Children Sci-Fi IMAX,,
5883,16028,They (2002),Horror Thriller,,
5890,6007,Elling (2001),Comedy Drama,,
5900,9932,Analyze That (2002),Comedy Crime,,
5902,2757,Adaptation (2002),Comedy Drama Romance,,
5903,7299,Equilibrium (2002),Action Sci-Fi Thriller,,
5927,16363,"Best Little Whorehouse in Texas, The (1982)",Comedy Drama Musical Romance,,
5941,13497,Drumline (2002),Comedy Drama Musical Romance,,
5943,7303,Maid in Manhattan (2002),Comedy Romance,,
5944,201,Star Trek: Nemesis (2002),Action Drama Sci-Fi Thriller,,
5945,2755,About Schmidt (2002),Comedy Drama,,
5951,18602,Morvern Callar (2002),Drama,,
5952,121,"Lord of the Rings: The Two Towers, The (2002)",Adventure Fantasy,,
5954,1429,25th Hour (2002),Crime Drama,,
5955,13435,Antwone Fisher (2002),Drama,,
5956,3131,Gangs of New York (2002),Crime Drama,,
5957,2642,Two Weeks Notice (2002),Comedy Romance,,
5959,11022,Narc (2002),Crime Drama Thriller,,
5970,4032,My Girl (1991),Comedy Drama Romance,,
5989,640,Catch Me If You Can (2002),Crime Drama,,
5991,1574,Chicago (2002),Comedy Crime Drama Musical,,
5992,590,"Hours, The (2002)",Drama Romance,,
5994,29339,Nicholas Nickleby (2002),Drama Romance,,
5995,423,"Pianist, The (2002)",Drama War,,
6003,4912,Confessions of a Dangerous Mind (2002),Comedy Crime Drama Thriller,,
6006,12090,Just Married (2003),Comedy Romance,,
6012,9582,"Guy Thing, A (2003)",Comedy Romance,,
6013,10628,Kangaroo Jack (2003),Action Comedy,,
6016,598,City of God (Cidade de Deus) (2002),Action Adventure Crime Drama Thriller,,
6040,10727,Darkness Falls (2003),Horror Thriller,,
6041,9045,Amen. (2002),Drama,,
6055,39349,Sugar Hill (1994),Drama,,
6058,9358,Final Destination 2 (2003),Horror Thriller,,
6060,9027,"Guru, The (2002)",Comedy Romance,,
6063,10894,May (2002),Drama Horror,,
6078,10724,Firefox (1982),Action Sci-Fi Thriller,,
6155,9919,How to Lose a Guy in 10 Days (2003),Comedy Romance,,
6156,6038,Shanghai Knights (2003),Action Adventure Comedy,,
6158,14873,"Jungle Book 2, The (2003)",Animation Children,,
6159,13132,All the Real Girls (2003),Drama Romance,,
6162,1956,Gerry (2002),Adventure Drama,,
6170,17264,"Black Stallion, The (1979)",Adventure Children Drama,,
6185,4911,Dark Blue (2003),Action Crime Drama Thriller,,
6186,16072,Gods and Generals (2003),Action Drama War,,
6187,11615,"Life of David Gale, The (2003)",Crime Drama Thriller,,
6188,11635,Old School (2003),Comedy,,
6193,14293,Poolhall Junkies (2002),Comedy Drama Thriller,,
6196,10623,Cradle 2 the Grave (2003),Action Crime Drama Thriller,,
6197,9613,Spider (2002),Drama Mystery,,
6212,10678,Bringing Down the House (2003),Comedy,,
6213,9567,Tears of the Sun (2003),Action Drama Thriller,,
6214,979,Irreversible (Irréversible) (2002),Crime Drama Mystery Thriller,,
6216,1591,Nowhere in Africa (Nirgendwo in Afrika) (2001),Drama,,
6218,455,Bend It Like Beckham (2002),Comedy Drama Romance,,
6219,10632,"Hunted, The (2003)",Action Drama Thriller,,
6220,10929,Willard (2003),Drama Horror Thriller,,
6223,12079,Spun (2001),Comedy Crime Drama,,
6245,42618,Sweet Charity (1969),Comedy Drama Musical Romance,,
6249,9557,Boat Trip (2003),Comedy,,
6250,6171,Dreamcatcher (2003),Drama Horror Sci-Fi Thriller,,
6263,10782,Basic (2003),Drama Thriller War,,
6264,9341,"Core, The (2003)",Action Drama Sci-Fi Thriller,,
6265,9776,Head of State (2003),Comedy,,
6266,10735,What a Girl Wants (2003),Comedy Drama Romance,,
6268,25461,Raising Victor Vargas (2002),Comedy Drama Romance,,
6279,6016,"Good Thief, The (2002)",Crime Drama,,
6280,8409,"Man Apart, A (2003)",Action Crime Drama Thriller,,
6281,1817,Phone Booth (2002),Drama Thriller,,
6288,14290,Better Luck Tomorrow (2002),Crime Drama,,
6290,2662,House of 1000 Corpses (2003),Horror,,
6291,12093,Lilya 4-Ever (Lilja 4-ever) (2002),Crime Drama,,
6294,11817,Bulletproof Monk (2003),Action Adventure Sci-Fi,,
6295,24621,Chasing Papi (a.k.a. Papi Chulo) (2003),Comedy,,
6296,13370,"Mighty Wind, A (2003)",Comedy Musical,,
6297,8326,Holes (2003),Adventure Children Comedy Mystery,,
6298,13411,Malibu's Most Wanted (2003),Comedy Crime,,
6299,11516,"Winged Migration (Peuple migrateur, Le) (2001)",Documentary,,
6303,10514,"Andromeda Strain, The (1971)",Mystery Sci-Fi,,
6308,9930,Legal Eagles (1986),Comedy Crime Romance,,
6316,24961,"Wiz, The (1978)",Adventure Children Comedy Fantasy Musical,,
6322,10743,Confidence (2003),Crime Thriller,,
6323,2832,Identity (2003),Crime Horror Mystery Thriller,,
6330,11458,People I Know (2002),Crime Drama,,
6332,18736,"Lizzie McGuire Movie, The (2003)",Children Comedy Romance,,
6333,36658,X2: X-Men United (2003),Action Adventure Sci-Fi Thriller,,
6334,46989,Blue Car (2002),Drama,,
6337,15394,Owning Mahowny (2003),Crime Drama Thriller,,
6338,10708,Daddy Day Care (2003),Children Comedy,,
6365,604,"Matrix Reloaded, The (2003)",Action Adventure Sci-Fi Thriller IMAX,,
6370,1555,"Spanish Apartment, The (L'auberge espagnole) (2002)",Comedy Drama Romance,,
6373,310,Bruce Almighty (2003),Comedy Drama Fantasy Romance,,
6377,12,Finding Nemo (2003),Adventure Animation Children Comedy,,
6378,9654,"Italian Job, The (2003)",Action Crime,,
6379,9902,Wrong Turn (2003),Horror Thriller,,
6383,584,"2 Fast 2 Furious (Fast and the Furious 2, The) (2003)",Action Crime Thriller,,
6385,1088,Whale Rider (2002),Drama,,
6482,10152,Dumb and Dumberer: When Harry Met Lloyd (2003),Comedy,,
6483,31246,From Justin to Kelly (2003),Musical Romance,,
6484,11375,Hollywood Homicide (2003),Action Crime Drama,,
6493,17813,Alex and Emma (2003),Comedy Drama Romance,,
6502,170,28 Days Later (2002),Action Horror Sci-Fi,,
6503,9471,Charlie's Angels: Full Throttle (2003),Action Adventure Comedy Crime Thriller,,
6534,1927,Hulk (2003),Action Adventure Sci-Fi,,
6535,10327,"Legally Blonde 2: Red, White & Blonde (2003)",Comedy,,
6536,14411,Sinbad: Legend of the Seven Seas (2003),Adventure Animation Children Fantasy,,
6537,296,Terminator 3: Rise of the Machines (2003),Action Adventure Sci-Fi,,
6538,302,Swimming Pool (2003),Drama Mystery Thriller,,
6539,22,Pirates of the Caribbean: The Curse of the Black Pearl (2003),Action Adventure Comedy Fantasy,,
6541,8698,"League of Extraordinary Gentlemen, The (a.k.a. LXG) (2003)",Action Fantasy Sci-Fi,,
6547,32235,Northfork (2003),Drama Fantasy,,
6548,8961,Bad Boys II (2003),Action Comedy Crime Thriller,,
6549,17403,How to Deal (2003),Comedy Drama Romance,,
6550,9486,Johnny English (2003),Action Comedy Thriller,,
6552,3472,Dirty Pretty Things (2002),Crime Drama Thriller,,
6563,24356,Masked & Anonymous (2003),Comedy Drama,,
6564,1996,Lara Croft Tomb Raider: The Cradle of Life (2003),Action Adventure Comedy Romance Thriller,,
6565,4464,Seabiscuit (2003),Drama,,
6566,12279,Spy Kids 3-D: Game Over (2003),Action Adventure Children,,
6567,9104,Buffalo Soldiers (2001),Comedy Crime Drama War,,
6571,54580,"Mondays in the Sun (Lunes al sol, Los) (2002)",Drama,,
6583,21512,"Blood of Heroes, The (Salute of the Jugger, The) (1989)",Action Sci-Fi,,
6586,8273,American Wedding (American Pie 3) (2003),Comedy,,
6587,8046,Gigli (2003),Comedy Crime Romance,,
6593,10330,Freaky Friday (2003),Children Comedy Fantasy,,
6595,9257,S.W.A.T. (2003),Action Thriller,,
6615,6466,Freddy vs. Jason (2003),Action Horror Thriller,,
6617,2055,Open Range (2003),Western,,
6618,11770,Shaolin Soccer (Siu lam juk kau) (2001),Action Comedy,,
6620,2771,American Splendor (2003),Comedy Drama,,
6624,10923,Agent Cody Banks (2003),Action Adventure Children Fantasy,,
6659,9362,Tremors (1990),Comedy Horror Sci-Fi,,
6664,10999,Commando (1985),Action Adventure,,
6686,10610,"Medallion, The (2003)",Action Comedy Crime Fantasy,,
6687,2830,My Boss's Daughter (2003),Comedy Romance,,
6689,21413,"Battle of Shaker Heights, The (2003)",Comedy Drama Romance,,
6695,11351,Jeepers Creepers 2 (2003),Horror Thriller,,
6702,13778,Dickie Roberts: Former Child Star (2003),Comedy,,
6705,1415,Party Monster (2003),Comedy Crime Drama Thriller,,
6709,1428,Once Upon a Time in Mexico (2003),Action Adventure Crime Thriller,,
6711,153,Lost in Translation (2003),Comedy Drama Romance,,
6731,8408,Day of the Dead (1985),Horror Sci-Fi Thriller,,
6734,2687,Memoirs of an Invisible Man (1992),Comedy Romance Sci-Fi Thriller,,
6750,10739,Anything Else (2003),Comedy Drama Romance,,
6753,13156,Secondhand Lions (2003),Children Comedy Drama,,
6754,277,Underworld (2003),Action Fantasy Horror,,
6755,9707,Bubba Ho-tep (2002),Comedy Horror,,
6763,7288,Duplex (2003),Comedy Crime,,
6764,10159,"Rundown, The (2003)",Action Adventure Comedy,,
6765,10934,Under the Tuscan Sun (2003),Comedy Drama Romance,,
6769,321,Mambo Italiano (2003),Comedy,,
6770,20,My Life Without Me (2003),Drama Romance,,
6773,9662,"Triplets of Belleville, The (Les triplettes de Belleville) (2003)",Animation Comedy Fantasy,,
6774,837,Videodrome (1983),Fantasy Horror Sci-Fi Thriller,,
6777,821,Judgment at Nuremberg (1961),Drama,,
6796,650,Boyz N the Hood (1991),Crime Drama,,
6811,14425,PCU (1994),Comedy,,
6852,18900,In Cold Blood (1967),Crime Drama,,
6862,2116,Out of Time (2003),Crime Drama Thriller,,
6863,1584,School of Rock (2003),Comedy Musical,,
6867,2056,"Station Agent, The (2003)",Comedy Drama,,
6868,4997,Wonderland (2003),Crime Drama Mystery Thriller,,
6870,322,Mystic River (2003),Crime Drama Mystery,,
6873,11775,Intolerable Cruelty (2003),Comedy Romance,,
6874,24,Kill Bill: Vol. 1 (2003),Action Crime Thriller,,
6881,1550,Pieces of April (2003),Comedy Drama,,
6884,10629,Veronica Guerin (2003),Crime Drama Thriller,,
6885,10944,In the Cut (2003),Crime Drama Mystery Romance Thriller,,
6886,9839,Beyond Borders (2003),Drama Romance War,,
6887,13920,Radio (2003),Drama,,
6888,4256,Scary Movie 3 (2003),Comedy Horror,,
6932,13537,Shattered Glass (2003),Crime Drama,,
6934,605,"Matrix Revolutions, The (2003)",Action Adventure Sci-Fi Thriller IMAX,,
6936,10719,Elf (2003),Children Comedy Fantasy,,
6942,508,Love Actually (2003),Comedy Drama Romance,,
6946,10715,Looney Tunes: Back in Action (2003),Action Animation Children Fantasy,,
6947,8619,Master and Commander: The Far Side of the World (2003),Adventure Drama War,,
6948,21525,Tupac: Resurrection (2003),Documentary,,
6951,10588,"Cat in the Hat, The (2003)",Children Comedy,,
6952,4970,Gothika (2003),Horror Thriller,,
6953,470,21 Grams (2003),Crime Drama Mystery Romance Thriller,,
6954,11042,"Barbarian Invasions, The (Les invasions barbares) (2003)",Comedy Crime Drama Mystery Romance,,
6957,10147,Bad Santa (2003),Comedy Crime,,
6958,10756,"Haunted Mansion, The (2003)",Children Comedy Fantasy Horror,,
6959,9562,Timeline (2003),Action Adventure Sci-Fi,,
6978,14022,Slacker (1991),Comedy Drama,,
6979,860,WarGames (1983),Drama Sci-Fi Thriller,,
6981,48035,"Ordet (Word, The) (1955)",Drama,,
6990,11583,The Great Train Robbery (1978),Action Adventure Comedy Crime Drama,,
6997,10410,Hoffa (1992),Crime Drama,,
7000,9292,Hudson Hawk (1991),Action Adventure Comedy,,
7004,951,Kindergarten Cop (1990),Action Comedy Crime Thriller,,
7027,11509,Silverado (1985),Action Western,,
7030,20763,Radio Flyer (1992),Drama,,
7048,11676,Nothing to Lose (1997),Action Adventure Comedy Crime,,
7070,3089,Red River (1948),Action Adventure Western,,
7080,3062,42nd Street (1933),Drama Musical Romance,,
7087,15927,"Passage to India, A (1984)",Adventure Drama,,
7090,79,Hero (Ying xiong) (2002),Action Adventure Drama,,
7093,987,"Front Page, The (1974)",Comedy,,
7104,11519,1941 (1979),Comedy War,,
7137,10744,"Cooler, The (2003)",Comedy Drama Romance,,
7142,10028,Honey (2003),Drama Romance,,
7143,616,"Last Samurai, The (2003)",Action Adventure Drama War,,
7147,587,Big Fish (2003),Drama Fantasy Romance,,
7149,6964,Something's Gotta Give (2003),Comedy Drama Romance,,
7150,1792,Stuck on You (2003),Comedy,,
7151,3635,Girl with a Pearl Earring (2003),Drama Romance,,
7153,122,"Lord of the Rings: The Return of the King, The (2003)",Action Adventure Drama Fantasy,,
7154,11820,Mona Lisa Smile (2003),Drama Romance,,
7158,11093,House of Sand and Fog (2003),Drama,,
7160,504,Monster (2003),Crime Drama,,
7161,11007,Cheaper by the Dozen (2003),Children Comedy,,
7162,2289,Cold Mountain (2003),Drama Romance War,,
7163,9620,Paycheck (2003),Action Sci-Fi Thriller,,
7169,14844,Chasing Liberty (2004),Comedy Romance,,
7173,5966,Along Came Polly (2004),Comedy Romance,,
7175,10718,Torque (2004),Action Crime,,
7177,14757,Osama (2003),Drama,,
7192,15797,Only the Strong (1993),Action,,
7193,9548,"Adventures of Ford Fairlane, The (1990)",Action Comedy,,
7243,3059,Intolerance: Love's Struggle Throughout the Ages (1916),Drama,,
7248,27329,"Suriyothai (a.k.a. Legend of Suriyothai, The) (2001)",Action Adventure Drama War,,
7254,1954,The Butterfly Effect (2004),Drama Sci-Fi Thriller,,
7255,13476,Win a Date with Tad Hamilton! (2004),Comedy Romance,,
7256,11194,Touching the Void (2003),Adventure Documentary,,
7257,12634,"Big Bounce, The (2004)",Comedy Crime Thriller,,
7259,14114,You Got Served (2004),Drama Musical,,
7260,15708,Latter Days (2003),Comedy Drama Romance,,
7261,21301,Barbershop 2: Back in Business (2004),Comedy,,
7262,20483,Catch That Kid (2004),Action Adventure Children Comedy Crime,,
7263,14292,Miracle (2004),Drama,,
7266,18841,"Lost Skeleton of Cadavra, The (2002)",Comedy Horror Sci-Fi,,
7285,11023,Thirteen (2003),Drama,,
7293,1824,50 First Dates (2004),Comedy Romance,,
7294,16784,Welcome to Mooseport (2004),Comedy,,
7315,8842,Against the Ropes (2004),Comedy Drama,,
7316,11132,Confessions of a Teenage Drama Queen (2004),Comedy,,
7317,9352,EuroTrip (2004),Adventure Comedy,,
7318,615,"Passion of the Christ, The (2004)",Drama,,
7319,11217,Club Dread (2004),Comedy Horror,,
7323,338,"Good bye, Lenin! (2003)",Comedy Drama,,
7324,2023,Hidalgo (2004),Adventure Drama,,
7325,9384,Starsky & Hutch (2004),Action Comedy Crime Thriller,,
7345,17047,Agent Cody Banks 2: Destination London (2004),Action Adventure Children Comedy,,
7346,10591,"Girl Next Door, The (2004)",Comedy Romance,,
7347,1586,Secret Window (2004),Mystery Thriller,,
7360,924,Dawn of the Dead (2004),Action Drama Horror Thriller,,
7361,38,Eternal Sunshine of the Spotless Mind (2004),Drama Romance Sci-Fi,,
7366,9541,Jersey Girl (2004),Comedy Drama Romance,,
7367,5516,"Ladykillers, The (2004)",Comedy Crime,,
7369,11024,Scooby-Doo 2: Monsters Unleashed (2004),Action Adventure Children Comedy Mystery,,
7373,1487,Hellboy (2004),Action Adventure Fantasy Horror,,
7375,11137,"Prince & Me, The (2004)",Comedy Romance,,
7376,11358,Walking Tall (2004),Action,,
7379,10733,The Alamo (2004),Drama War Western,,
7380,14442,Ella Enchanted (2004),Comedy Fantasy Romance,,
7381,2122,"Whole Ten Yards, The (2004)",Action Comedy Crime,,
7438,393,Kill Bill: Vol. 2 (2004),Action Drama Thriller,,
7439,7220,"Punisher, The (2004)",Action Crime Thriller,,
7444,10096,13 Going on 30 (2004),Comedy Fantasy Romance,,
7445,9509,Man on Fire (2004),Action Crime Drama Mystery Thriller,,
7448,10710,Envy (2004),Comedy,,
7449,11058,Godsend (2004),Drama Horror Thriller,,
7450,11141,Laws of Attraction (2004),Comedy Romance,,
7451,10625,Mean Girls (2004),Comedy,,
7455,26899,"Mudge Boy, The (2003)",Drama,,
7457,16428,Breakin' All the Rules (2004),Comedy Romance,,
7458,652,Troy (2004),Action Adventure Drama War,,
7477,10375,Eye See You (D-Tox) (2002),Horror Thriller,,
7569,667,You Only Live Twice (1967),Action Adventure Sci-Fi Thriller,,
7570,700,Octopussy (1983),Action Adventure Thriller,,
7573,36670,Never Say Never Again (1983),Action Adventure Thriller,,
7616,11507,Body Double (1984),Mystery Thriller,,
7636,13937,Raising Cain (1992),Horror Thriller,,
7748,2786,Pierrot le fou (1965),Crime Drama,,
7889,11577,Pat Garrett and Billy the Kid (1973),Western,,
7980,5902,"Bridge Too Far, A (1977)",Action Drama War,,
7991,13282,Death Race 2000 (1975),Action Sci-Fi,,
8042,203,Mean Streets (1973),Crime Drama,,
8147,29146,Charly (1968),Drama Sci-Fi,,
8196,5722,Beyond the Valley of the Dolls (1970),Comedy Horror,,
8340,10734,Escape from Alcatraz (1979),Drama Thriller,,
8360,809,Shrek 2 (2004),Adventure Animation Children Comedy Musical Romance,,
8361,435,"Day After Tomorrow, The (2004)",Action Adventure Drama Sci-Fi Thriller,,
8362,4599,Raising Helen (2004),Comedy Drama Romance,,
8363,12657,Soul Plane (2004),Comedy,,
8366,13193,Saved! (2004),Comedy Drama,,
8368,673,Harry Potter and the Prisoner of Azkaban (2004),Adventure Fantasy IMAX,,
8369,16617,Mindhunters (2004),Action Crime Horror Mystery Thriller,,
8371,2789,"Chronicles of Riddick, The (2004)",Action Sci-Fi Thriller,,
8372,8920,Garfield: The Movie (2004),Animation Children Comedy,,
8373,9890,"Stepford Wives, The (2004)",Comedy Fantasy Thriller,,
8376,8193,Napoleon Dynamite (2004),Comedy,,
8387,11546,Police Academy: Mission to Moscow (1994),Comedy Crime,,
8446,18712,Sands of Iwo Jima (1949),Action Drama Romance War,,
8464,9372,Super Size Me (2004),Comedy Documentary Drama,,
8502,17820,Show Boat (1951),Drama Musical Romance,,
8512,10970,Silent Movie (1976),Comedy,,
8526,10204,Around the World in 80 Days (2004),Adventure Children Comedy,,
8528,9472,Dodgeball: A True Underdog Story (2004),Comedy,,
8529,594,"Terminal, The (2004)",Comedy Drama Romance,,
8530,8981,Dear Frankie (2004),Drama Romance,,
8531,12153,White Chicks (2004),Action Comedy Crime,,
8533,11036,"Notebook, The (2004)",Drama Romance,,
8534,1997,Two Brothers (Deux frères) (2004),Adventure Children Drama,,
8535,15237,De-Lovely (2004),Drama Musical,,
8622,1777,Fahrenheit 9/11 (2004),Documentary,,
8636,558,Spider-Man 2 (2004),Action Adventure Sci-Fi IMAX,,
8638,80,Before Sunset (2004),Drama Romance,,
8641,8699,Anchorman: The Legend of Ron Burgundy (2004),Comedy,,
8643,11247,"Cinderella Story, A (2004)",Comedy Romance,,
8644,2048,"I, Robot (2004)",Action Adventure Sci-Fi Thriller,,
8645,436,"Maria Full of Grace (Maria, Llena eres de gracia) (2004)",Crime Drama,,
8665,2502,"Bourne Supremacy, The (2004)",Action Crime Thriller,,
8666,314,Catwoman (2004),Action Crime Fantasy,,
8667,18923,A Home at the End of the World (2004),Drama Romance,,
8781,14462,"Manchurian Candidate, The (2004)",Thriller,,
8782,14623,Thunderbirds (2004),Action Adventure Fantasy Sci-Fi,,
8783,6947,"Village, The (2004)",Drama Mystery Thriller,,
8784,401,Garden State (2004),Comedy Drama Romance,,
8796,17768,"Funny Thing Happened on the Way to the Forum, A (1966)",Comedy Musical,,
8798,1538,Collateral (2004),Action Crime Drama Thriller,,
8799,14846,Little Black Book (2004),Comedy Romance,,
8800,2577,Code 46 (2003),Romance Sci-Fi,,
8807,11282,Harold and Kumar Go to White Castle (2004),Adventure Comedy,,
8808,11130,"Princess Diaries 2: Royal Engagement, The (2004)",Comedy Romance,,
8810,395,AVP: Alien vs. Predator (2004),Action Horror Sci-Fi Thriller,,
8814,10762,Without a Paddle (2004),Comedy,,
8815,11026,Exorcist: The Beginning (2004),Horror Thriller,,
8830,11237,Anacondas: The Hunt for the Blood Orchid (2004),Adventure Drama Horror Sci-Fi Thriller,,
8831,8080,Suspect Zero (2004),Crime Thriller,,
8833,11632,Vanity Fair (2004),Drama Romance,,
8835,15644,Paparazzi (2004),Drama Thriller,,
8836,11208,Wicker Park (2004),Drama Romance Thriller,,
8860,9759,Cellular (2004),Action Crime Drama Mystery Thriller,,
8861,1577,Resident Evil: Apocalypse (2004),Action Horror Sci-Fi Thriller,,
8864,16232,Mr. 3000 (2004),Comedy Drama,,
8865,5137,Sky Captain and the World of Tomorrow (2004),Action Adventure Sci-Fi,,
8866,11823,Wimbledon (2004),Comedy Romance,,
8874,747,Shaun of the Dead (2004),Comedy Horror,,
8907,10555,Shark Tale (2004),Animation Children Comedy,,
8908,11128,Ladder 49 (2004),Action Drama Thriller,,
8910,1599,I Heart Huckabees (2004),Comedy,,
8911,14024,Raise Your Voice (2004),Romance,,
8914,14337,Primer (2004),Drama Sci-Fi,,
8916,4380,Shall We Dance? (2004),Comedy Romance,,
8917,3989,Team America: World Police (2004),Action Adventure Animation Comedy,,
8918,16358,Eulogy (2004),Comedy Crime Drama,,
8938,1435,Tarnation (2003),Documentary,,
8943,18701,Being Julia (2004),Comedy Drama,,
8947,1970,"Grudge, The (2004)",Horror Mystery Thriller,,
8948,8849,Alfie (2004),Comedy Drama Romance,,
8949,9675,Sideways (2004),Comedy Drama Romance,,
8950,4553,The Machinist (2004),Drama Mystery Thriller,,
8951,11109,Vera Drake (2004),Drama,,
8957,176,Saw (2004),Horror Mystery Thriller,,
8958,1677,Ray (2004),Drama,,
8959,10740,Birth (2004),Drama Mystery,,
8961,9806,"Incredibles, The (2004)",Action Adventure Animation Children Comedy,,
8965,5255,"Polar Express, The (2004)",Adventure Animation Children Fantasy IMAX,,
8966,11184,Kinsey (2004),Drama,,
8967,11249,Seed of Chucky (Child's Play 5) (2004),Comedy Horror,,
8968,10589,After the Sunset (2004),Action Adventure Comedy Crime Thriller,,
8969,9801,Bridget Jones: The Edge of Reason (2004),Comedy Drama Romance,,
8970,866,Finding Neverland (2004),Drama,,
8972,2059,National Treasure (2004),Action Adventure Drama Mystery Thriller,,
8974,11836,"SpongeBob SquarePants Movie, The (2004)",Adventure Animation Children Comedy,,
8977,1966,Alexander (2004),Action Adventure Drama War,,
8978,13673,Christmas with the Kranks (2004),Children Comedy,,
8981,2288,Closer (2004),Drama Romance,,
8983,9550,House of Flying Daggers (Shi mian mai fu) (2004),Action Drama Romance,,
8984,163,Ocean's Twelve (2004),Action Comedy Crime Thriller,,
8985,36648,Blade: Trinity (2004),Action Fantasy Horror Thriller,,
25940,3766,"Lady from Shanghai, The (1947)",Drama Film-Noir Mystery,,
25959,25209,Annie Get Your Gun (1950),Comedy Musical Romance Western,,
26133,13187,"Charlie Brown Christmas, A (1965)",Animation Children Comedy,,
26142,29715,Major Dundee (1965),Adventure War Western,,
26152,2661,Batman (1966),Action Adventure Comedy,,
26172,26039,Point Blank (1967),Action Crime Drama Thriller,,
26198,27983,"Yours, Mine and Ours (1968)",Children Comedy,,
26386,12535,High Anxiety (1977),Comedy Thriller,,
26391,12637,"New York, New York (1977)",Drama Musical Romance,,
26492,15301,Twilight Zone: The Movie (1983),Fantasy Horror Sci-Fi Thriller,,
26528,17663,Anne of Green Gables (1985),Children Drama,,
26750,9588,Quigley Down Under (1990),Adventure Drama Western,,
26819,12088,Fortress (1992),Action Sci-Fi,,
27266,844,2046 (2004),Drama Fantasy Romance Sci-Fi,,
27408,10955,Ripley's Game (2002),Drama Thriller,,
27434,11056,Darkness (2002),Horror Mystery,,
27537,10981,Nothing (2003),Comedy Fantasy Mystery Sci-Fi,,
27618,10077,"Sound of Thunder, A (2005)",Action Adventure Drama Sci-Fi Thriller,,
27644,38970,Remember Me (Ricordati di me) (2003),Comedy Drama Romance,,
27664,12703,"Brown Bunny, The (2003)",Drama,,
27674,9282,11:14 (2003),Comedy Crime Drama Mystery Thriller,,
27721,2841,"Very Long Engagement, A (Un long dimanche de fiançailles) (2004)",Drama Mystery Romance War,,
27773,670,Old Boy (2003),Mystery Thriller,,
27788,9667,"Jacket, The (2005)",Drama Mystery Sci-Fi Thriller,,
27803,1913,"Sea Inside, The (Mar adentro) (2004)",Drama,,
27808,2539,Spanglish (2004),Comedy Drama Romance,,
27815,5528,"Chorus, The (Choristes, Les) (2004)",Drama,,
27816,10105,Saints and Soldiers (2003),Action Adventure Drama War,,
27821,179,"Interpreter, The (2005)",Drama Thriller,,
27822,83,Open Water (2003),Drama Thriller,,
27830,24747,"Bobby Jones, Stroke of Genius (2004)",Drama,,
27831,4836,Layer Cake (2004),Crime Drama Thriller,,
27834,11190,"Return, The (Vozvrashcheniye) (2003)",Drama,,
27837,11866,Flight of the Phoenix (2004),Action Adventure,,
27838,12281,Mean Creek (2004),Drama Thriller,,
27839,10320,"Ring Two, The (2005)",Drama Horror Mystery Thriller,,
27869,11658,Tae Guk Gi: The Brotherhood of War (Taegukgi hwinalrimyeo) (2004),Action Drama War,,
27882,291,Riding Giants (2004),Documentary,,
27899,8357,What the #$*! Do We Know!? (a.k.a. What the Bleep Do We Know!?) (2004),Comedy Documentary Drama,,
27904,3509,"Scanner Darkly, A (2006)",Animation Drama Mystery Sci-Fi Thriller,,
30707,70,Million Dollar Baby (2004),Drama,,
30749,205,Hotel Rwanda (2004),Drama War,,
30793,118,Charlie and the Chocolate Factory (2005),Adventure Children Comedy Fantasy IMAX,,
30810,421,"Life Aquatic with Steve Zissou, The (2004)",Adventure Comedy Fantasy,,
30812,2567,"Aviator, The (2004)",Drama,,
30816,9833,"Phantom of the Opera, The (2004)",Drama Musical Romance,,
30818,6478,Beyond the Sea (2004),Drama Musical,,
30822,1901,In Good Company (2004),Comedy Drama,,
30825,693,Meet the Fockers (2004),Comedy,,
30850,11162,"Merchant of Venice, The (2004)",Drama,,
30883,15045,Fat Albert (2004),Comedy Fantasy,,
30894,11804,White Noise (2005),Drama Horror Mystery Sci-Fi Thriller,,
30898,11354,"Upside of Anger, The (2005)",Comedy Drama Romance,,
31114,25350,Imaginary Heroes (2004),Comedy Drama,,
31221,9947,Elektra (2005),Action Adventure Crime Drama,,
31223,6439,Racing Stripes (2005),Children Comedy,,
31225,7214,Coach Carter (2005),Drama,,
31410,613,"Downfall (Untergang, Der) (2004)",Drama War,,
31420,8978,Assault on Precinct 13 (2005),Action Crime Drama Thriller,,
31422,11637,Are We There Yet? (2005),Children Comedy,,
31424,12142,Alone in the Dark (2005),Action Horror Sci-Fi Thriller,,
31427,11096,Hide and Seek (2005),Horror Mystery Thriller,,
31431,8968,Boogeyman (2005),Drama Horror Mystery Thriller,,
31433,6961,"Wedding Date, The (2005)",Comedy Romance,,
31658,4935,Howl's Moving Castle (Hauru no ugoku shiro) (2004),Adventure Animation Fantasy Romance,,
31660,8953,Steamboy (Suchîmubôi) (2004),Action Animation Drama Sci-Fi,,
31685,8488,Hitch (2005),Comedy Romance,,
31694,57825,Bride & Prejudice (2004),Comedy Musical Romance,,
31698,10214,Son of the Mask (2005),Adventure Children Comedy Fantasy,,
31700,17880,Because of Winn-Dixie (2005),Children Comedy Drama,,
31804,3040,Night Watch (Nochnoy dozor) (2004),Action Fantasy Horror Mystery Sci-Fi Thriller,,
31867,13498,Man of the House (2005),Action Comedy,,
31878,9470,Kung Fu Hustle (Gong fu) (2004),Action Comedy,,
32009,16186,Tyler Perry's Diary of a Mad Black Woman (2005),Comedy Drama Romance,,
32011,10012,Cursed (2005),Horror Thriller,,
32017,10022,"Pacifier, The (2005)",Action Comedy,,
32019,4551,Be Cool (2005),Comedy Crime Musical,,
32029,2026,Hostage (2005),Action Crime Drama Thriller,,
32031,9928,Robots (2005),Adventure Animation Children Comedy Fantasy Sci-Fi IMAX,,
32234,42222,Julia (1977),Drama,,
32289,13374,Ice Princess (2005),Children Comedy Drama,,
32296,10040,Miss Congeniality 2: Armed and Fabulous (2005),Adventure Comedy Crime,,
32298,11638,Guess Who (2005),Comedy Romance,,
32300,540,D.E.B.S. (2004),Action Comedy,,
32314,48463,Incident at Loch Ness (2004),Adventure Comedy Documentary,,
32584,17113,"Ballad of Jack and Rose, The (2005)",Drama,,
32587,187,Sin City (2005),Action Crime Film-Noir Mystery Thriller,,
32589,14177,Beauty Shop (2005),Comedy,,
32596,7364,Sahara (2005),Action Adventure Comedy,,
32598,11431,Fever Pitch (2005),Comedy Romance,,
33004,7453,"Hitchhiker's Guide to the Galaxy, The (2005)",Adventure Comedy Sci-Fi,,
33085,10065,"Amityville Horror, The (2005)",Horror Thriller,,
33145,8976,"Lot Like Love, A (2005)",Comedy Drama Romance,,
33148,27360,King's Ransom (2005),Comedy Crime,,
33158,11679,xXx: State of the Union (2005),Action Crime Thriller,,
33162,1495,Kingdom of Heaven (2005),Action Drama Romance War,,
33164,10066,House of Wax (2005),Horror Thriller,,
33166,1640,Crash (2004),Crime Drama,,
33421,10913,Dear Wendy (2005),Drama,,
33437,10027,Unleashed (Danny the Dog) (2005),Action Crime Drama Thriller,,
33493,1895,Star Wars: Episode III - Revenge of the Sith (2005),Action Adventure Sci-Fi,,
33495,9981,Kicking & Screaming (2005),Comedy,,
33499,4379,Monster-in-Law (2005),Comedy Romance,,
33615,953,Madagascar (2005),Adventure Animation Children Comedy,,
33629,13064,Airborne (1993),Adventure Comedy,,
33639,14358,Mad Hot Ballroom (2005),Children Documentary,,
33646,9291,"Longest Yard, The (2005)",Comedy Drama,,
33649,19316,Saving Face (2004),Comedy Drama Romance,,
33660,921,Cinderella Man (2005),Drama Romance,,
33669,9779,"Sisterhood of the Traveling Pants, The (2005)",Adventure Comedy Drama,,
33672,9787,Lords of Dogtown (2005),Action Comedy Drama,,
33679,787,Mr. & Mrs. Smith (2005),Action Adventure Comedy Romance,,
33681,14199,"Adventures of Sharkboy and Lavagirl 3-D, The (2005)",Action Adventure Children Fantasy,,
33683,10226,High Tension (Haute tension) (Switchblade Romance) (2003),Horror Thriller,,
33725,12109,It's All Gone Pete Tong (2004),Comedy Drama Musical,,
33781,11620,Quo Vadis (1951),Drama Romance,,
33794,272,Batman Begins (2005),Action Crime IMAX,,
33815,15648,"Perfect Man, The (2005)",Comedy Drama Romance,,
33826,25248,Saint Ralph (2004),Comedy Drama,,
33830,11451,Herbie: Fully Loaded (2005),Adventure Comedy Romance,,
33834,11683,Land of the Dead (2005),Action Horror Thriller,,
33838,2287,Rize (2005),Documentary,,
33880,1382,Me and You and Everyone We Know (2005),Comedy Drama,,
34048,74,War of the Worlds (2005),Action Adventure Sci-Fi Thriller,,
34072,1667,"March of the Penguins (Marche de l'empereur, La) (2005)",Documentary,,
34143,9009,Dark Water (2005),Drama Horror Thriller,,
34153,14278,Murderball (2005),Documentary,,
34271,10476,Hustle & Flow (2005),Crime Drama,,
34319,1635,"Island, The (2005)",Action Sci-Fi Thriller,,
34323,1696,"Devil's Rejects, The (2005)",Action Crime Horror,,
34332,11459,Sky High (2005),Action Adventure Children Comedy,,
34334,10048,Stealth (2005),Action Adventure Sci-Fi Thriller,,
34336,11648,Must Love Dogs (2005),Comedy Romance,,
34405,16320,Serenity (2005),Action Adventure Sci-Fi,,
34520,6519,"Dukes of Hazzard, The (2005)",Action Adventure Comedy,,
34523,13919,The Chumscrubber (2005),Comedy Drama,,
34530,11453,Deuce Bigalow: European Gigolo (2005),Comedy,,
34532,9913,"Skeleton Key, The (2005)",Drama Horror Mystery Thriller,,
34534,8292,Four Brothers (2005),Action Crime Drama,,
34536,13922,The Great Raid (2005),Action Drama War,,
35015,15907,Duma (2005),Adventure Drama,,
35836,6957,"40-Year-Old Virgin, The (2005)",Comedy Romance,,
35957,11460,Red Eye (2005),Horror Thriller,,
36397,14175,Valiant (2005),Adventure Animation Children Comedy Fantasy War,,
36401,4442,"Brothers Grimm, The (2005)",Comedy Fantasy Horror Thriller,,
36509,9042,"Cave, The (2005)",Action Adventure Horror Mystery Sci-Fi Thriller,,
36517,1985,"Constant Gardener, The (2005)",Drama Thriller,,
36519,9335,Transporter 2 (2005),Action Crime Thriller,,
36525,9007,Just Like Heaven (2005),Comedy Fantasy Romance,,
36529,1830,Lord of War (2005),Action Crime Drama Thriller War,,
36533,10092,Cry_Wolf (a.k.a. Cry Wolf) (2005),Drama Horror Mystery Thriller,,
36537,1546,Thumbsucker (2005),Comedy Drama,,
37380,8814,Doom (2005),Action Horror Sci-Fi,,
37382,9923,Domino (2005),Crime Drama Thriller,,
37384,7553,Waiting... (2005),Comedy,,
37386,8202,Aeon Flux (2005),Action Sci-Fi,,
37475,1947,"Unfinished Life, An (2005)",Drama,,
37477,9074,"Man, The (2005)",Action Comedy Crime,,
37720,8643,"Exorcism of Emily Rose, The (2005)",Crime Drama Horror Thriller,,
37727,9315,Flightplan (2005),Action Drama Thriller,,
37729,3933,Corpse Bride (2005),Animation Comedy Fantasy Musical Romance,,
37733,59,"History of Violence, A (2005)",Action Crime Drama Thriller,,
37736,257,Oliver Twist (2005),Drama,,
37739,15487,"Greatest Game Ever Played, The (2005)",Drama,,
37741,398,Capote (2005),Crime Drama,,
37844,14544,Roll Bounce (2005),Comedy Drama Romance,,
37853,11968,Into the Blue (2005),Action Adventure Crime Thriller,,
37857,14517,MirrorMask (2005),Adventure Children Drama Fantasy,,
38038,533,Wallace & Gromit in The Curse of the Were-Rabbit (2005),Adventure Animation Children Comedy,,
38061,5236,Kiss Kiss Bang Bang (2005),Comedy Crime Mystery Thriller,,
38388,9763,Goal! The Dream Begins (Goal!) (2005),Drama,,
38583,10017,"Wraith, The (1986)",Action Horror Sci-Fi Thriller,,
38886,10707,"Squid and the Whale, The (2005)",Comedy Drama,,
39183,142,Brokeback Mountain (2005),Drama Romance,,
39231,9621,Elizabethtown (2005),Comedy Drama Romance,,
39234,9701,North Country (2005),Drama,,
39292,3291,"Good Night, and Good Luck. (2005)",Crime Drama,,
39307,12920,Dreamer: Inspired by a True Story (2005),Children Drama,,
39381,16608,"Proposition, The (2005)",Crime Drama Western,,
39414,2610,Shopgirl (2005),Comedy Drama Romance,,
39435,1656,"Legend of Zorro, The (2005)",Action Adventure Drama Western,,
39444,6963,"Weather Man, The (2005)",Comedy Drama,,
39446,215,Saw II (2005),Horror Thriller,,
39869,1951,Manderlay (2005),Drama,,
40278,25,Jarhead (2005),Action Drama War,,
40339,9982,Chicken Little (2005),Action Adventure Animation Children Comedy Sci-Fi,,
40412,12877,Dead Man's Shoes (2004),Crime Thriller,,
40414,11661,Joyeux Noël (Merry Christmas) (2005),Drama War,,
40583,231,Syriana (2005),Drama Thriller,,
40614,8999,Derailed (2005),Drama Thriller,,
40629,4348,Pride & Prejudice (2005),Drama Romance,,
40732,9392,"Descent, The (2005)",Adventure Drama Horror Thriller,,
40815,674,Harry Potter and the Goblet of Fire (2005),Adventure Fantasy Thriller IMAX,,
40819,69,Walk the Line (2005),Drama Musical Romance,,
40826,1833,Rent (2005),Drama Musical Romance,,
40851,6795,Zathura (2005),Action Adventure Children Fantasy,,
40966,7548,"Libertine, The (2004)",Drama,,
41285,116,Match Point (2005),Crime Drama Romance,,
41566,411,"Chronicles of Narnia: The Lion, the Witch and the Wardrobe, The (2005)",Adventure Children Fantasy,,
41569,254,King Kong (2005),Action Adventure Drama Fantasy Thriller,,
41571,1904,Memoirs of a Geisha (2005),Drama Romance,,
41573,9043,"Family Stone, The (2005)",Comedy Drama Romance,,
41712,22908,"Room for Romeo Brass, A (1999)",Comedy Drama,,
41716,9515,"Matador, The (2005)",Comedy Drama Thriller,,
41724,29595,Wal-Mart: The High Cost of Low Price (2005),Documentary,,
41863,8053,"Three Burials of Melquiades Estrada, The (2006)",Adventure Crime Drama,,
41997,612,Munich (2005),Action Crime Drama Thriller,,
42002,9899,"Producers, The (2005)",Comedy Musical,,
42004,546,Transamerica (2005),Adventure Comedy Drama,,
42009,9641,Cheaper by the Dozen 2 (2005),Adventure Comedy,,
42011,7552,Fun with Dick and Jane (2005),Comedy Crime,,
42018,10773,Mrs. Henderson Presents (2005),Comedy Drama,,
42418,11400,"New World, The (2005)",Adventure Drama Romance,,
42632,4550,Lady Vengeance (Sympathy for Lady Vengeance) (Chinjeolhan geumjassi) (2005),Crime Drama Mystery Thriller,,
42638,16433,Grand Theft Parsons (2003),Comedy Drama,,
42718,10045,District 13 (Banlieue 13) (2004),Action Crime Sci-Fi,,
42723,1690,Hostel (2005),Horror,,
42725,9900,Grandma's Boy (2006),Comedy,,
42730,9918,Glory Road (2006),Drama,,
42732,17379,Last Holiday (2006),Comedy,,
42734,10982,Hoodwinked! (2005),Animation Children Comedy,,
42738,834,Underworld: Evolution (2006),Action Fantasy Horror,,
43333,7509,Water (2005),Drama Romance,,
43396,9912,"World's Fastest Indian, The (2005)",Drama,,
43419,1969,Bandidas (2006),Action Comedy Crime Western,,
43460,8435,Tristram Shandy: A Cock and Bull Story (2005),Comedy Drama,,
43558,11565,Big Momma's House 2 (2006),Action Comedy Crime,,
43560,11283,Nanny McPhee (2005),Children Comedy Fantasy,,
43679,9286,Final Destination 3 (2006),Horror Mystery Thriller,,
43708,292,Block Party (a.k.a. Dave Chappelle's Block Party) (2005),Comedy Documentary,,
43744,1544,Imagine Me & You (2005),Comedy Drama Romance,,
43836,12096,"Pink Panther, The (2006)",Adventure Comedy Crime,,
43869,9975,Curious George (2006),Adventure Animation Children Comedy,,
43871,9754,Firewall (2006),Crime Drama Thriller,,
43904,10053,When a Stranger Calls (2006),Horror Thriller,,
43908,7515,London (2005),Drama,,
43914,14256,Winter Passing (2005),Drama,,
43917,9036,Eight Below (2006),Action Adventure Drama Romance,,
43919,10073,Date Movie (2006),Comedy Romance,,
43921,7304,Running Scared (2006),Action Crime Thriller,,
43928,9920,Ultraviolet (2006),Action Fantasy Sci-Fi Thriller,,
43930,10025,Just My Luck (2006),Comedy Romance,,
43932,9682,Pulse (2006),Action Drama Fantasy Horror Mystery Sci-Fi Thriller,,
43936,2207,16 Blocks (2006),Crime Thriller,,
44004,6877,Failure to Launch (2006),Comedy Romance,,
44022,950,Ice Age 2: The Meltdown (2006),Adventure Animation Children Comedy,,
44191,752,V for Vendetta (2006),Action Sci-Fi Thriller IMAX,,
44193,9655,She's the Man (2006),Comedy Romance,,
44195,9388,Thank You for Smoking (2006),Comedy Drama,,
44197,9950,Find Me Guilty (2006),Comedy Crime Drama,,
44199,388,Inside Man (2006),Crime Drama Thriller,,
44204,868,Tsotsi (2005),Crime Drama,,
44225,14191,Aquamarine (2006),Children Comedy Fantasy,,
44397,9792,"Hills Have Eyes, The (2006)",Drama Horror Thriller,,
44399,10067,"Shaggy Dog, The (2006)",Adventure Children Comedy Fantasy,,
44555,582,"Lives of Others, The (Das leben der Anderen) (2006)",Drama Romance Thriller,,
44613,12763,Take the Lead (2006),Drama,,
44665,186,Lucky Number Slevin (2006),Crime Drama Mystery,,
44694,219,Volver (2006),Comedy Drama,,
44709,13751,Akeelah and the Bee (2006),Drama,,
44731,10069,Stay Alive (2006),Horror Sci-Fi Thriller,,
44759,3093,Basic Instinct 2 (2006),Crime Drama Mystery Thriller,,
44828,9035,Slither (2006),Comedy Horror Sci-Fi,,
44840,9957,"Benchwarmers, The (2006)",Comedy,,
44849,9389,Renaissance (2006),Action Animation Film-Noir Sci-Fi Thriller,,
44864,8998,Friends with Money (2006),Comedy Drama Romance,,
44972,4257,Scary Movie 4 (2006),Comedy Horror,,
44974,2652,Hard Candy (2005),Drama Thriller,,
45028,9526,"Prairie Home Companion, A (2006)",Comedy Drama Musical,,
45062,5820,"Sentinel, The (2006)",Crime Drama Thriller,,
45081,588,Silent Hill (2006),Fantasy Horror Thriller,,
45106,9310,American Dreamz (2006),Comedy Drama,,
45183,8982,"Protector, The (a.k.a. Warrior King) (Tom yum goong) (2005)",Action Comedy Crime Thriller,,
45186,956,Mission: Impossible III (2006),Action Adventure Thriller,,
45210,9829,United 93 (2006),Crime Drama,,
45221,10115,Stick It (2006),Comedy,,
45361,10008,"American Haunting, An (2005)",Drama Horror Mystery Thriller,,
45382,7870,Down in the Valley (2005),Drama Romance,,
45431,7518,Over the Hedge (2006),Adventure Animation Children Comedy,,
45442,503,Poseidon (2006),Action Adventure Thriller IMAX,,
45447,591,"Da Vinci Code, The (2006)",Drama Mystery Thriller,,
45499,36668,X-Men: The Last Stand (2006),Action Sci-Fi Thriller,,
45501,9767,"Break-Up, The (2006)",Comedy Drama Romance,,
45503,13689,Peaceful Warrior (2006),Drama,,
45517,920,Cars (2006),Animation Children Comedy,,
45666,9353,Nacho Libre (2006),Comedy,,
45668,2044,"Lake House, The (2006)",Drama Fantasy Romance,,
45672,9339,Click (2006),Adventure Comedy Drama Fantasy Romance,,
45720,350,"Devil Wears Prada, The (2006)",Comedy Drama,,
45722,58,Pirates of the Caribbean: Dead Man's Chest (2006),Action Adventure Fantasy,,
45726,1819,"You, Me and Dupree (2006)",Comedy,,
45728,2295,Clerks II (2006),Comedy,,
45730,9697,Lady in the Water (2006),Drama Fantasy Mystery,,
45732,4474,My Super Ex-Girlfriend (2006),Comedy Fantasy Romance,,
45880,1887,Marie Antoinette (2006),Drama Romance,,
45928,13508,Who Killed the Electric Car? (2006),Documentary,,
45950,1781,"Inconvenient Truth, An (2006)",Documentary,,
46062,10947,High School Musical (2006),Children Comedy Drama Musical Romance,,
46335,9615,"Fast and the Furious: Tokyo Drift, The (Fast and the Furious 3, The) (2006)",Action Crime Drama Thriller,,
46337,9513,Garfield: A Tail of Two Kitties (2006),Animation Children Comedy,,
46530,1452,Superman Returns (2006),Action Adventure Sci-Fi IMAX,,
46572,18191,Edmond (2005),Drama Thriller,,
46574,14474,"OH in Ohio, The (2006)",Comedy,,
46578,773,Little Miss Sunshine (2006),Adventure Comedy Drama,,
46723,1164,Babel (2006),Drama Thriller,,
46850,35199,Wordplay (2006),Documentary,,
46865,9072,Little Man (2006),Comedy,,
46948,9297,Monster House (2006),Animation Children Fantasy Mystery,,
46965,326,Snakes on a Plane (2006),Action Comedy Horror Thriller,,
46967,512,Scoop (2006),Comedy Fantasy Mystery,,
46970,9718,Talladega Nights: The Ballad of Ricky Bobby (2006),Action Comedy,,
46972,1593,Night at the Museum (2006),Action Comedy Fantasy IMAX,,
46974,1852,World Trade Center (2006),Drama,,
46976,1262,Stranger than Fiction (2006),Comedy Drama Fantasy Romance,,
47099,1402,"Pursuit of Happyness, The (2006)",Drama,,
47124,9906,"Ant Bully, The (2006)",Adventure Animation Children Comedy Fantasy IMAX,,
47200,1948,Crank (2006),Action Thriller,,
47261,9782,"Night Listener, The (2006)",Fantasy Mystery Thriller,,
47382,9762,Step Up (2006),Drama Romance,,
47384,14113,Zoom (2006),Adventure Comedy Drama Fantasy,,
47423,7859,Half Nelson (2006),Drama,,
47610,1491,"Illusionist, The (2006)",Drama Fantasy Mystery Romance,,
47629,1165,The Queen (2006),Drama,,
47640,9988,Beerfest (2006),Comedy,,
47646,13816,Idlewild (2006),Crime Drama Musical,,
47793,24055,"Puffy Chair, The (2006)",Drama Romance,,
47894,1116,"Wind That Shakes the Barley, The (2006)",Drama War,,
47937,5072,Severance (2006),Comedy Horror Thriller,,
47952,9954,"Covenant, The (2006)",Action Horror Thriller,,
47978,13075,SherryBaby (2006),Drama,,
47997,7512,Idiocracy (2006),Adventure Comedy Sci-Fi Thriller,,
48043,1381,"Fountain, The (2006)",Drama Fantasy Romance,,
48142,9676,"Black Dahlia, The (2006)",Crime Drama Mystery Thriller,,
48161,9766,Gridiron Gang (2006),Drama,,
48304,1579,Apocalypto (2006),Adventure Drama Thriller,,
48319,9664,Flyboys (2006),Action Adventure Drama War,,
48322,12094,Jackass Number Two (2006),Comedy Documentary,,
48326,1717,All the King's Men (2006),Drama,,
48342,15624,Conversations with Other Women (2005),Comedy Drama Romance,,
48385,496,Borat: Cultural Learnings of America for Make Benefit Glorious Nation of Kazakhstan (2006),Comedy,,
48394,1417,"Pan's Labyrinth (Laberinto del fauno, El) (2006)",Drama Fantasy Thriller,,
48414,7484,Open Season (2006),Adventure Animation Children Comedy IMAX,,
48416,9842,School for Scoundrels (2006),Comedy Crime,,
48516,1422,"Departed, The (2006)",Crime Drama Thriller,,
48518,10781,"Texas Chainsaw Massacre: The Beginning, The (2006)",Horror Thriller,,
48520,9794,Employee of the Month (2006),Comedy,,
48560,7510,Running With Scissors (2006),Comedy Drama,,
48593,9895,Man of the Year (2006),Comedy Thriller,,
48596,8975,"Marine, The (2006)",Action Drama Thriller,,
48598,9672,Infamous (2006),Drama,,
48678,10070,Feast (2005),Action Comedy Horror Thriller,,
48696,1440,Little Children (2006),Drama Romance,,
48738,1523,"Last King of Scotland, The (2006)",Drama Thriller,,
48744,1378,Shortbus (2006),Comedy Drama Romance,,
48774,9693,Children of Men (2006),Action Adventure Drama Sci-Fi Thriller,,
48780,1124,"Prestige, The (2006)",Drama Mystery Sci-Fi Thriller,,
48783,3683,Flags of Our Fathers (2006),Drama War,,
48877,214,Saw III (2006),Crime Horror Thriller,,
48879,1123,Catch a Fire (2006),Drama Thriller,,
48982,11619,Flushed Away (2006),Animation Comedy,,
48997,1427,Perfume: The Story of a Murderer (2006),Crime Drama Thriller,,
49130,9726,"Good Year, A (2006)",Comedy Drama Romance,,
49220,14799,For Your Consideration (2006),Comedy,,
49272,36557,Casino Royale (2006),Action Adventure Thriller,,
49274,9836,Happy Feet (2006),Adventure Animation Children Comedy IMAX,,
49276,9809,Let's Go to Prison (2006),Comedy,,
49280,10741,Bobby (2006),Drama,,
49286,1581,"Holiday, The (2006)",Comedy Romance,,
49314,7873,Harsh Times (2006),Action Crime Drama,,
49524,2447,"Nativity Story, The (2006)",Drama,,
49530,1372,Blood Diamond (2006),Action Adventure Crime Drama Thriller War,,
49647,9986,Charlotte's Web (2006),Children Comedy Drama Fantasy,,
49649,2486,Eragon (2006),Action Adventure Fantasy,,
49651,1246,Rocky Balboa (2006),Action Drama,,
49666,18615,Fur: An Imaginary Portrait of Diane Arbus (2006),Drama Fantasy Romance,,
49772,14202,"Painted Veil, The (2006)",Drama Romance,,
49793,11170,We Are Marshall (2006),Drama,,
49824,1125,Dreamgirls (2006),Drama Musical,,
49910,1646,Freedom Writers (2007),Drama,,
49957,8618,"History Boys, The (2006)",Comedy Drama,,
49961,1259,Notes on a Scandal (2006),Drama,,
50003,9053,DOA: Dead or Alive (2006),Action Adventure,,
50005,1494,Curse of the Golden Flower (Man cheng jin dai huang jin jia) (2006),Action Drama,,
50064,182,"Good German, The (2006)",Drama Mystery Thriller,,
50068,1251,Letters from Iwo Jima (2006),Drama War,,
50147,9656,Black Christmas (2006),Action Horror Thriller,,
50158,1931,Stomp the Yard (2007),Drama Musical,,
50160,13967,Miss Potter (2006),Drama,,
50601,1265,Bridge to Terabithia (2007),Adventure Children Fantasy,,
50610,14137,Beer League (2006),Comedy,,
50685,10758,Waitress (2007),Comedy Drama Romance,,
50794,7516,Smokin' Aces (2006),Action Crime Drama Thriller,,
50796,10075,Blood and Chocolate (2007),Drama Fantasy Horror Romance,,
50798,9760,Epic Movie (2007),Adventure Comedy,,
50802,1257,Because I Said So (2007),Comedy Drama Romance,,
50804,1248,Hannibal Rising (2007),Drama Horror Thriller,,
50872,2062,Ratatouille (2007),Animation Children Drama,,
50912,2266,"Paris, I Love You (Paris, je t'aime) (2006)",Romance,,
50923,5172,"Astronaut Farmer, The (2007)",Drama,,
51077,1250,Ghost Rider (2007),Action Fantasy Thriller,,
51084,11172,Music and Lyrics (2007),Comedy Romance,,
51086,3594,"Number 23, The (2007)",Drama Mystery Thriller,,
51088,10090,Reno 911!: Miami (2007),Comedy,,
51091,7874,Black Snake Moan (2006),Drama,,
51174,12271,Factory Girl (2006),Drama,,
51255,4638,Hot Fuzz (2007),Action Comedy Crime Mystery,,
51540,1949,Zodiac (2007),Crime Drama Thriller,,
51575,11199,Wild Hogs (2007),Adventure Comedy,,
51662,1271,300 (2007),Action Fantasy War IMAX,,
51709,1255,"Host, The (Gwoemul) (2006)",Comedy Drama Horror Sci-Fi Thriller,,
51834,2977,Becoming Jane (2007),Drama Romance,,
51884,16727,"Namesake, The (2006)",Drama Romance,,
51903,14434,I Think I Love My Wife (2007),Comedy Drama Romance,,
51925,9963,Premonition (2007),Drama Fantasy Mystery Thriller,,
51931,2355,Reign Over Me (2007),Drama,,
51935,7485,Shooter (2007),Action Drama Thriller,,
51937,9793,"Hills Have Eyes II, The (2007)",Horror Thriller,,
51939,1273,TMNT (Teenage Mutant Ninja Turtles) (2007),Action Adventure Animation Children Comedy Fantasy,,
52042,9075,Black Book (Zwartboek) (2006),Drama Thriller War,,
52245,9955,Blades of Glory (2007),Comedy Romance,,
52283,1683,"Reaping, The (2007)",Horror Thriller,,
52328,1272,Sunshine (2007),Adventure Drama Sci-Fi Thriller,,
52375,9903,"Hoax, The (2007)",Crime Drama,,
52458,8271,Disturbia (2007),Drama Thriller,,
52462,13158,Aqua Teen Hunger Force Colon Movie Film for Theaters (2007),Action Adventure Animation Comedy Fantasy Mystery Sci-Fi,,
52668,13067,In the Land of Women (2007),Comedy Drama Romance,,
52694,1268,Mr. Bean's Holiday (2007),Comedy,,
52722,559,Spider-Man 3 (2007),Action Adventure Sci-Fi Thriller IMAX,,
52724,1950,Lucky You (2007),Comedy Drama,,
52952,11798,This Is England (2006),Drama,,
52973,4964,Knocked Up (2007),Comedy Drama Romance,,
52975,2976,Hairspray (2007),Comedy Drama Musical,,
53000,1562,28 Weeks Later (2007),Horror Sci-Fi Thriller,,
53121,810,Shrek the Third (2007),Adventure Animation Children Comedy Fantasy,,
53123,5723,Once (2006),Drama Musical Romance,,
53125,285,Pirates of the Caribbean: At World's End (2007),Action Adventure Comedy Fantasy,,
53322,298,Ocean's Thirteen (2007),Crime Thriller,,
53435,1691,Hostel: Part II (2007),Crime Horror Thriller,,
53460,9408,Surf's Up (2007),Animation Children Comedy,,
53464,1979,Fantastic Four: Rise of the Silver Surfer (2007),Action Adventure Sci-Fi,,
53466,14043,Nancy Drew (2007),Adventure Crime Thriller,,
53468,10288,Fido (2006),Comedy Horror Thriller,,
53550,9952,Rescue Dawn (2006),Action Adventure Drama War,,
53894,2359,Sicko (2007),Documentary Drama,,
53921,1988,"Mighty Heart, A (2007)",Drama Thriller,,
53953,3021,1408 (2007),Drama Horror Thriller,,
53956,2196,Death at a Funeral (2007),Comedy,,
53972,1571,Live Free or Die Hard (2007),Action Adventure Crime Thriller,,
53974,2959,License to Wed (2007),Comedy Romance,,
53993,2698,Evan Almighty (2007),Comedy Fantasy,,
53996,1858,Transformers (2007),Action Sci-Fi Thriller IMAX,,
54001,675,Harry Potter and the Order of the Phoenix (2007),Adventure Drama Fantasy IMAX,,
54190,4688,Across the Universe (2007),Drama Fantasy Musical Romance,,
54256,10074,Hot Rod (2007),Comedy,,
54259,2270,Stardust (2007),Adventure Comedy Fantasy Romance,,
54272,35,"Simpsons Movie, The (2007)",Animation Comedy,,
54276,3638,No Reservations (2007),Comedy Drama Romance,,
54281,8669,Charlie Bartlett (2007),Comedy Drama,,
54286,2503,"Bourne Ultimatum, The (2007)",Action Crime Thriller,,
54503,8363,Superbad (2007),Comedy,,
54648,5174,Rush Hour 3 (2007),Action Comedy Crime Thriller,,
54686,9703,"Last Legion, The (2007)",Action Adventure Fantasy War,,
54734,10760,Sydney White (2007),Comedy,,
54736,4349,"Kingdom, The (2007)",Action Drama Thriller,,
54768,14144,Daddy Day Camp (2007),Children Comedy,,
54771,4858,"Invasion, The (2007)",Action Drama Horror Sci-Fi Thriller,,
54787,11835,Death Sentence (2007),Drama Thriller,,
54934,10071,"Brothers Solomon, The (2007)",Comedy,,
54997,5176,3:10 to Yuma (2007),Action Crime Drama Western,,
55020,13173,"Ten, The (2007)",Comedy,,
55052,4347,Atonement (2007),Drama Romance War,,
55069,2009,"4 Months, 3 Weeks and 2 Days (4 luni, 3 saptamâni si 2 zile) (2007)",Drama,,
55071,12901,No End in Sight (2007),Documentary,,
55094,6973,In the Valley of Elah (2007),Drama Mystery,,
55116,5353,"Hunting Party, The (2007)",Action Adventure Comedy Drama Thriller,,
55118,2252,Eastern Promises (2007),Crime Drama Thriller,,
55232,7737,Resident Evil: Extinction (2007),Action Horror Sci-Fi Thriller,,
55245,10030,Good Luck Chuck (2007),Comedy Romance,,
55247,5915,Into the Wild (2007),Action Adventure Drama,,
55250,13680,"Game Plan, The (2007)",Comedy,,
55272,2001,We Own the Night (2007),Crime Drama,,
55274,4517,Elizabeth: The Golden Age (2007),Drama,,
55276,4566,Michael Clayton (2007),Drama Thriller,,
55280,6615,Lars and the Real Girl (2007),Comedy Drama,,
55282,4513,30 Days of Night (2007),Horror Thriller,,
55363,4512,"Assassination of Jesse James by the Coward Robert Ford, The (2007)",Crime Drama Western,,
55391,13197,10th & Wolf (2006),Crime Drama Thriller,,
55442,2011,Persepolis (2007),Animation Drama,,
55444,5708,Control (2007),Drama,,
55577,663,Saw IV (2007),Crime Horror Thriller,,
55721,7347,Elite Squad (Tropa de Elite) (2007),Action Crime Drama Thriller,,
55765,4982,American Gangster (2007),Crime Drama Thriller,,
55768,5559,Bee Movie (2007),Animation Comedy,,
55814,2013,"Diving Bell and the Butterfly, The (Scaphandre et le papillon, Le) (2007)",Drama,,
55820,6977,No Country for Old Men (2007),Crime Drama,,
55830,4953,Be Kind Rewind (2008),Comedy,,
55872,5123,August Rush (2007),Drama Musical,,
55908,13363,"Man from Earth, The (2007)",Drama Sci-Fi,,
55946,4515,Lions For Lambs (2007),Drama Thriller War,,
55995,2310,Beowulf (2007),Action Adventure Animation Fantasy IMAX,,
56003,4723,Southland Tales (2006),Comedy Drama Sci-Fi Thriller,,
56060,12555,I Served the King of England (Obsluhoval jsem anglického krále) (2006),Comedy Drama Romance War,,
56145,5876,"Mist, The (2007)",Horror Sci-Fi,,
56152,4523,Enchanted (2007),Adventure Animation Children Comedy Fantasy Musical Romance,,
56156,1620,Hitman (2007),Action Crime Thriller,,
56169,13483,Awake (2007),Drama Thriller,,
56171,2268,"Golden Compass, The (2007)",Adventure Children Fantasy,,
56174,6479,I Am Legend (2007),Action Horror Sci-Fi Thriller IMAX,,
56176,6477,Alvin and the Chipmunks (2007),Children Comedy,,
56286,3902,I'm Not There (2007),Drama,,
56333,8272,"Savages, The (2007)",Comedy Drama,,
56339,6537,"Orphanage, The (Orfanato, El) (2007)",Drama Horror Mystery Thriller,,
56367,7326,Juno (2007),Comedy Drama Romance,,
56389,1989,My Blueberry Nights (2007),Drama Romance,,
56587,7350,"Bucket List, The (2007)",Comedy Drama,,
56607,7979,"Kite Runner, The (2007)",Drama,,
56715,13198,Wristcutters: A Love Story (2006),Drama Fantasy Romance,,
56782,7345,There Will Be Blood (2007),Drama Western,,
56788,6538,Charlie Wilson's War (2007),Comedy Drama War,,
56801,440,AVPR: Aliens vs. Predator - Requiem (2007),Action Horror Sci-Fi,,
56805,6575,Walk Hard: The Dewey Cox Story (2007),Comedy Musical,,
56941,6023,P.S. I Love You (2007),Comedy Drama Romance,,
56949,6557,27 Dresses (2008),Comedy Romance,,
57274,8329,[REC] (2007),Drama Horror Thriller,,
57326,2312,In the Name of the King: A Dungeon Siege Tale (2008),Action Adventure Fantasy,,
57368,7191,Cloverfield (2008),Action Mystery Sci-Fi Thriller,,
57421,11908,Hatchet (2006),Comedy Horror,,
57526,8090,Untraceable (2008),Crime Thriller,,
57532,7278,Meet the Spartans (2008),Comedy,,
57536,14220,Strange Wilderness (2008),Comedy,,
57640,11253,Hellboy II: The Golden Army (2008),Action Adventure Fantasy Sci-Fi,,
57669,8321,In Bruges (2008),Comedy Crime Drama Thriller,,
57910,13121,Teeth (2007),Comedy Horror,,
57951,8676,Fool's Gold (2008),Action Adventure Comedy Romance,,
58025,8247,Jumper (2008),Action Adventure Drama Sci-Fi Thriller,,
58047,8390,"Definitely, Maybe (2008)",Comedy Drama Romance,,
58103,7461,Vantage Point (2008),Action Drama Thriller,,
58105,8204,"Spiderwick Chronicles, The (2008)",Adventure Children Drama Fantasy IMAX,,
58107,8328,Step Up 2 the Streets (2008),Drama Musical Romance,,
58154,12184,"Other Boleyn Girl, The (2008)",Drama Romance,,
58156,13260,Semi-Pro (2008),Comedy,,
58162,7942,Run Fatboy Run (2007),Comedy Romance,,
58191,13362,Taxi to the Dark Side (2007),Documentary,,
58295,8848,"Bank Job, The (2008)",Action Crime Thriller,,
58297,13460,Doomsday (2008),Action Drama Sci-Fi Thriller,,
58301,8461,Funny Games U.S. (2007),Drama Thriller,,
58306,12246,Mongol (2007),Drama War,,
58315,12177,"Love Guru, The (2008)",Comedy,,
58332,13025,Diary of the Dead (2007),Horror Sci-Fi,,
58492,14054,Snow Angels (2007),Drama,,
58559,155,"Dark Knight, The (2008)",Action Crime Drama IMAX,,
58627,8456,Never Back Down (2008),Action,,
58655,8457,Drillbit Taylor (2008),Comedy,,
58803,8065,21 (2008),Crime Drama Romance Thriller,,
58839,4942,Leatherheads (2008),Comedy Drama Romance,,
58876,8988,Stop-Loss (2008),Drama War,,
58879,7944,Shine a Light (2008),Documentary Musical IMAX,,
58972,10488,Nim's Island (2008),Adventure Comedy Fantasy,,
58975,11152,"Ruins, The (2008)",Horror Thriller,,
58998,9870,Forgetting Sarah Marshall (2008),Comedy Romance,,
59014,11918,Superhero Movie (2008),Action Comedy Sci-Fi,,
59016,1266,Street Kings (2008),Crime Drama Thriller,,
59022,13335,Harold & Kumar Escape from Guantanamo Bay (2008),Adventure Comedy,,
59037,7459,Speed Racer (2008),Action Children Sci-Fi IMAX,,
59103,1729,"Forbidden Kingdom, The (2008)",Action Adventure Comedy Fantasy,,
59126,13007,Religulous (2008),Comedy Documentary,,
59258,8780,Baby Mama (2008),Comedy,,
59306,8617,Prom Night (2008),Horror Mystery Thriller,,
59315,1726,Iron Man (2008),Action Adventure Sci-Fi,,
59333,10761,Made of Honor (2008),Comedy Romance,,
59336,12400,Redbelt (2008),Action Drama,,
59369,8681,Taken (2008),Action Crime Drama Thriller,,
59421,9029,What Happens in Vegas... (2008),Comedy Romance,,
59440,12586,Bella (2006),Drama Romance,,
59501,2454,"Chronicles of Narnia: Prince Caspian, The (2008)",Adventure Children Fantasy,,
59615,217,Indiana Jones and the Kingdom of the Crystal Skull (2008),Action Adventure Comedy Sci-Fi,,
59738,9022,All the Boys Love Mandy Lane (2006),Horror Mystery Thriller,,
59784,9502,Kung Fu Panda (2008),Action Animation Children Comedy IMAX,,
59900,10661,You Don't Mess with the Zohan (2008),Comedy,,
60037,8645,"Happening, The (2008)",Drama Sci-Fi Thriller,,
60040,1724,"Incredible Hulk, The (2008)",Action Sci-Fi,,
60046,13405,"Children of Huang Shi, The (2008)",Drama War,,
60069,10681,WALL·E (2008),Adventure Animation Children Romance Sci-Fi,,
60072,8909,Wanted (2008),Action Thriller,,
60074,8960,Hancock (2008),Action Adventure Comedy Crime Fantasy,,
60126,11665,Get Smart (2008),Action Comedy,,
60141,10748,St. Trinian's (2007),Children Comedy,,
60289,8359,Kit Kittredge: An American Girl (2008),Children Comedy Drama Mystery,,
60293,13990,"Wackness, The (2008)",Comedy Drama Romance,,
60397,11631,Mamma Mia! (2008),Comedy Musical Romance,,
60408,8265,Welcome to the Sticks (Bienvenue chez les Ch'tis) (2008),Comedy,,
60514,88751,Journey to the Center of the Earth (2008),Action Adventure Sci-Fi,,
60516,11260,Meet Dave (2008),Adventure Children Comedy Romance Sci-Fi,,
60647,6687,Transsiberian (2008),Crime Drama Thriller,,
60684,13183,Watchmen (2009),Action Drama Mystery Sci-Fi Thriller IMAX,,
60735,12247,Shotgun Stories (2007),Drama Thriller,,
60756,12133,Step Brothers (2008),Comedy,,
60760,8836,"X-Files: I Want to Believe, The (2008)",Drama Mystery Sci-Fi Thriller,,
60766,14048,Man on Wire (2008),Documentary,,
60832,12192,Pathology (2008),Crime Horror Thriller,,
60937,1735,"Mummy: Tomb of the Dragon Emperor, The (2008)",Action Adventure Fantasy Thriller,,
60941,10185,"Midnight Meat Train, The (2008)",Horror Mystery Thriller,,
60943,10183,Frozen River (2008),Drama,,
60950,5038,Vicky Cristina Barcelona (2008),Comedy Drama Romance,,
61024,10189,Pineapple Express (2008),Action Comedy Crime,,
61026,12289,Red Cliff (Chi bi) (2008),Action Adventure Drama War,,
61071,10188,"Sisterhood of the Traveling Pants 2, The (2008)",Adventure Comedy Drama Romance,,
61123,13649,High School Musical 2 (2007),Comedy Drama Musical Romance,,
61132,7446,Tropic Thunder (2008),Action Adventure Comedy War,,
61236,8885,Waltz with Bashir (Vals im Bashir) (2008),Animation Documentary Drama War,,
61246,12621,Hamlet 2 (2008),Comedy,,
61248,10483,Death Race (2008),Action Adventure Sci-Fi Thriller,,
61250,12620,"House Bunny, The (2008)",Comedy,,
61255,10186,"Rocker, The (2008)",Comedy,,
61262,13515,Mirrors (2008),Horror Mystery Thriller,,
61323,4944,Burn After Reading (2008),Comedy Crime Drama,,
61348,13805,Disaster Movie (2008),Comedy,,
61350,9381,Babylon A.D. (2008),Action Adventure Sci-Fi Thriller,,
61401,8285,"Spirit, The (2008)",Action Comedy Fantasy Thriller,,
61465,13184,Bangkok Dangerous (2008),Action Crime Thriller,,
61697,13389,Righteous Kill (2008),Crime Mystery Thriller,,
61705,13279,Lakeview Terrace (2008),Drama Thriller,,
61729,12797,Ghost Town (2008),Comedy Fantasy Romance,,
61986,12690,Appaloosa (2008),Western,,
62081,13027,Eagle Eye (2008),Action Crime Thriller IMAX,,
62113,13092,How to Lose Friends & Alienate People (2008),Comedy,,
62155,12182,Nick and Norah's Infinite Playlist (2008),Comedy Drama Romance,,
62293,12783,"Duchess, The (2008)",Drama Romance,,
62344,14976,Rachel Getting Married (2008),Drama Romance,,
62374,12113,Body of Lies (2008),Action Drama Thriller,,
62376,13600,City of Ember (2008),Adventure Children Sci-Fi,,
62394,13051,Max Payne (2008),Action Crime Drama Thriller,,
62434,10358,Zack and Miri Make a Porno (2008),Comedy Drama Romance,,
62437,10523,W. (2008),Drama,,
62439,13596,My Best Friend's Girl (2008),Comedy Romance,,
62511,4960,"Synecdoche, New York (2008)",Comedy Drama,,
62553,12837,"Secret Life of Bees, The (2008)",Drama,,
62586,13948,"American Carol, An (2008)",Comedy Fantasy,,
62644,7735,"Wave, The (Welle, Die) (2008)",Drama,,
62792,13150,Pride and Glory (2008),Crime Drama,,
62799,14325,"Express, The (2008)",Drama,,
62849,13809,RocknRolla (2008),Action Crime,,
62999,10527,Madagascar: Escape 2 Africa (2008),Action Adventure Animation Children Comedy IMAX,,
63033,8338,Blindness (2008),Drama Mystery Romance Thriller,,
63062,3580,Changeling (2008),Crime Drama Mystery,,
63072,20766,"Road, The (2009)",Adventure Drama Thriller,,
63082,12405,Slumdog Millionaire (2008),Crime Drama Romance,,
63113,10764,Quantum of Solace (2008),Action Adventure Thriller,,
63131,15373,Role Models (2008),Comedy,,
63436,11917,Saw V (2008),Crime Horror Thriller,,
63479,13523,Sex Drive (2008),Comedy,,
63540,14405,Beverly Hills Chihuahua (2008),Adventure Children Comedy,,
63808,8841,"Class, The (Entre les murs) (2008)",Drama,,
63853,6972,Australia (2008),Adventure Drama War Western,,
63859,13053,Bolt (2008),Action Adventure Animation Children Comedy,,
63876,10139,Milk (2008),Drama,,
63992,8966,Twilight (2008),Drama Fantasy Romance Thriller,,
64032,12193,Four Christmases (2008),Comedy,,
64034,14574,"Boy in the Striped Pajamas, The (Boy in the Striped Pyjamas, The) (2008)",Drama War,,
64114,14438,Fireproof (2008),Drama Romance,,
64231,13056,Punisher: War Zone (2008),Action Crime Drama Thriller,,
64497,10200,"Day the Earth Stood Still, The (2008)",Drama Sci-Fi Thriller IMAX,,
64575,14359,Doubt (2008),Drama Mystery,,
64614,13223,Gran Torino (2008),Crime Drama,,
64620,11499,Frost/Nixon (2008),Drama,,
64622,8055,"Reader, The (2008)",Drama Romance,,
64716,11321,Seven Pounds (2008),Drama,,
64839,12163,"Wrestler, The (2008)",Drama,,
64957,4922,"Curious Case of Benjamin Button, The (2008)",Drama Fantasy Mystery Romance,,
64969,10201,Yes Man (2008),Comedy,,
64983,2253,Valkyrie (2008),Drama Thriller War,,
65088,10202,Bedtime Stories (2008),Adventure Children Comedy,,
65126,13973,Choke (2008),Comedy Drama,,
65130,4148,Revolutionary Road (2008),Drama Romance,,
65230,14306,Marley & Me (2008),Comedy Drama,,
65261,12429,Ponyo (Gake no ue no Ponyo) (2008),Adventure Animation Children Fantasy,,
65577,10199,"Tale of Despereaux, The (2008)",Adventure Animation Children Comedy Fantasy,,
65585,10521,Bride Wars (2009),Comedy Romance,,
65601,14435,My Bloody Valentine 3-D (2009),Horror Thriller,,
65642,14139,"Timecrimes (Cronocrímenes, Los) (2007)",Sci-Fi Thriller,,
65682,12437,Underworld: Rise of the Lycans (2009),Action Fantasy Horror Thriller,,
65685,2309,Inkheart (2008),Adventure Fantasy,,
65802,14560,Paul Blart: Mall Cop (2009),Action Comedy Crime,,
66090,13510,Eden Lake (2008),Horror Thriller,,
66097,14836,Coraline (2009),Animation Fantasy Thriller,,
66198,4959,"International, The (2009)",Drama Thriller,,
66203,10184,He's Just Not That Into You (2009),Comedy Drama Romance,,
66240,14849,Dead Like Me: Life After Death (2009),Comedy Fantasy,,
66427,1961,My Name Is Bruce (2007),Comedy Horror,,
66509,20829,Funny People (2009),Comedy Drama,,
66665,19255,Away We Go (2009),Comedy Drama Romance,,
66785,15067,"Good, the Bad, the Weird, The (Joheunnom nabbeunnom isanghannom) (2008)",Action Adventure Comedy Western,,
66943,13849,"Cottage, The (2008)",Comedy Crime Horror Thriller,,
67087,16538,"I Love You, Man (2009)",Comedy,,
67193,16558,Duplicity (2009),Crime Romance Thriller,,
67197,13811,Knowing (2009),Action Drama Mystery Sci-Fi Thriller,,
67267,13090,Sunshine Cleaning (2008),Comedy Drama,,
67408,15512,Monsters vs. Aliens (2009),Animation Sci-Fi IMAX,,
67508,6968,"Baader Meinhof Komplex, Der (2008)",Action Crime Drama Thriller,,
67695,16991,Observe and Report (2009),Action Comedy,,
67734,16614,Adventureland (2009),Comedy Drama,,
68073,18947,Pirate Radio (2009),Comedy Drama,,
68135,16996,17 Again (2009),Comedy Drama,,
68157,16869,Inglourious Basterds (2009),Action Drama War,,
68159,16995,State of Play (2009),Crime Drama Thriller,,
68194,21641,"Damned United, The (2009)",Drama,,
68205,15092,Crank: High Voltage (2009),Action Comedy Crime,,
68237,17431,Moon (2009),Drama Mystery Sci-Fi Thriller,,
68269,18320,"Young Victoria, The (2009)",Drama Romance,,
68319,2080,X-Men Origins: Wolverine (2009),Action Sci-Fi Thriller,,
68358,13475,Star Trek (2009),Action Adventure Sci-Fi IMAX,,
68554,13448,Angels & Demons (2009),Crime Drama Mystery Thriller,,
68791,534,Terminator Salvation (2009),Action Adventure Sci-Fi Thriller,,
68793,18360,Night at the Museum: Battle of the Smithsonian (2009),Action Comedy IMAX,,
68848,21755,"Brothers Bloom, The (2008)",Adventure Comedy Crime Romance,,
68932,17332,"Soloist, The (2009)",Drama Musical,,
68952,16871,Drag Me to Hell (2009),Comedy Horror,,
68954,14160,Up (2009),Adventure Animation Children Drama,,
69122,18785,"Hangover, The (2009)",Comedy Crime,,
69251,13856,Special (2006),Drama Fantasy,,
69275,14451,Dead Snow (Død snø) (2009),Action Adventure Comedy Horror,,
69278,18162,Land of the Lost (2009),Action Adventure Comedy Sci-Fi,,
69304,19724,Imagine That (2009),Comedy Drama Fantasy,,
69306,18487,"Taking of Pelham 1 2 3, The (2009)",Crime Drama Thriller,,
69406,18240,"Proposal, The (2009)",Comedy Romance,,
69436,17610,Year One (2009),Adventure Comedy,,
69481,12162,"Hurt Locker, The (2008)",Action Drama Thriller War,,
69526,8373,Transformers: Revenge of the Fallen (2009),Action Adventure Sci-Fi IMAX,,
69604,19265,Whatever Works (2009),Comedy Romance,,
69640,11322,Public Enemies (2009),Crime Drama Thriller,,
69644,8355,Ice Age: Dawn of the Dinosaurs (2009),Action Adventure Animation Children Comedy Romance,,
69712,10024,My Sister's Keeper (2009),Drama,,
69757,19913,(500) Days of Summer (2009),Comedy Drama Romance,,
69784,18480,Brüno (Bruno) (2009),Comedy,,
69844,767,Harry Potter and the Half-Blood Prince (2009),Adventure Fantasy Mystery Romance IMAX,,
69951,8054,"Imaginarium of Doctor Parnassus, The (2009)",Drama Fantasy,,
70159,21208,Orphan (2009),Drama Horror Mystery Thriller,,
70183,20943,"Ugly Truth, The (2009)",Comedy Drama Romance,,
70208,12403,"Perfect Getaway, A (2009)",Horror Thriller,,
70286,17654,District 9 (2009),Mystery Sci-Fi Thriller,,
70293,24803,Julie & Julia (2009),Comedy Drama Romance,,
70305,13836,Race to Witch Mountain (2009),Adventure Children Fantasy Sci-Fi Thriller,,
70334,18126,Hannah Montana: The Movie (2009),Comedy Drama Musical Romance,,
70336,14869,G.I. Joe: The Rise of Cobra (2009),Action Adventure Sci-Fi Thriller,,
70361,17134,12 Rounds (2009),Action Thriller,,
70565,19905,"Goods: Live Hard, Sell Hard, The (2009)",Comedy,,
70599,24420,"Time Traveler's Wife, The (2009)",Drama Romance Sci-Fi,,
70641,19556,Miss March (2009),Comedy,,
70663,19840,"I Love You, Beth Cooper (2009)",Comedy Romance,,
70697,19585,G-Force (2009),Action Adventure Children Fantasy,,
70728,18533,Bronson (2009),Action Comedy Drama Thriller,,
70932,23049,My Life in Ruins (2009),Comedy,,
70984,26320,Taking Woodstock (2009),Comedy,,
70994,24150,Halloween II (2009),Horror Thriller,,
71033,25376,"Secret in Their Eyes, The (El secreto de sus ojos) (2009)",Crime Drama Mystery Romance Thriller,,
71057,12244,9 (2009),Adventure Animation Sci-Fi,,
71108,37903,"White Ribbon, The (Das weiße Band) (2009)",Drama Mystery,,
71135,19898,Pandorum (2009),Horror Sci-Fi Thriller,,
71156,10313,"Men Who Stare at Goats, The (2009)",Action Comedy Drama,,
71205,19994,Jennifer's Body (2009),Comedy Horror Sci-Fi Thriller,,
71211,11323,"Informant!, The (2009)",Comedy Crime Drama Thriller,,
71248,12569,Extract (2009),Comedy,,
71252,19912,"Final Destination, The (Final Destination 4) (Final Destination in 3-D, The) (2009)",Horror Thriller,,
71254,18501,Gamer (2009),Action Sci-Fi Thriller,,
71264,22794,Cloudy with a Chance of Meatballs (2009),Animation Children Fantasy IMAX,,
71268,26367,Tyler Perry's I Can Do Bad All by Myself (2009),Comedy Drama,,
71282,18570,"Food, Inc. (2008)",Documentary,,
71327,29963,Bright Star (2009),Drama Romance,,
71379,23827,Paranormal Activity (2009),Horror Thriller,,
71429,20178,World's Greatest Dad (2009),Comedy Drama,,
71464,12573,"Serious Man, A (2009)",Comedy Drama,,
71466,28053,City Island (2009),Comedy Drama,,
71468,24869,Ink (2009),Action Fantasy Sci-Fi,,
71518,22798,Whip It (2009),Comedy Drama,,
71520,23082,"Invention of Lying, The (2009)",Comedy,,
71530,19959,Surrogates (2009),Action Sci-Fi Thriller,,
71535,19908,Zombieland (2009),Action Comedy Horror,,
71579,24684,"Education, An (2009)",Drama Romance,,
71619,11156,Coco Before Chanel (Coco avant Chanel) (2009),Drama,,
71668,19899,Couples Retreat (2009),Comedy Romance,,
71745,16523,Where the Wild Things Are (2009),Adventure Children Drama Fantasy IMAX,,
71838,22803,Law Abiding Citizen (2009),Drama Thriller,,
72011,22947,Up in the Air (2009),Drama Romance,,
72129,22804,Saw VI (2009),Crime Horror Mystery Thriller,,
72165,24418,Cirque du Freak: The Vampire's Assistant (2009),Action Adventure Comedy Fantasy Horror Thriller,,
72167,22821,"Boondock Saints II: All Saints Day, The (2009)",Action Crime Drama Thriller,,
72224,22820,Gentlemen Broncos (2009),Comedy,,
72226,10315,Fantastic Mr. Fox (2009),Adventure Animation Children Comedy Crime,,
72294,17979,"Christmas Carol, A (2009)",Animation Children Drama Fantasy IMAX,,
72378,14161,2012 (2009),Action Drama Sci-Fi Thriller,,
72395,25793,Precious (2009),Drama,,
72405,11699,Bad Lieutenant: Port of Call New Orleans (2009),Crime Drama,,
72407,18239,"Twilight Saga: New Moon, The (2009)",Drama Fantasy Horror Romance Thriller,,
72479,28089,"Messenger, The (2009)",Drama Romance War,,
72489,22832,Ninja Assassin (2009),Action Crime Drama Thriller,,
72605,7445,Brothers (2009),Drama Thriller War,,
72641,22881,"Blind Side, The  (2009)",Drama,,
72696,22949,Old Dogs (2009),Comedy,,
72701,16866,Planet 51 (2009),Adventure Animation Children Comedy Sci-Fi,,
72720,34653,"Single Man, A (2009)",Drama,,
72731,7980,"Lovely Bones, The (2009)",Crime Drama Fantasy Horror Thriller,,
72733,22954,Invictus (2009),Drama,,
72737,10198,"Princess and the Frog, The (2009)",Animation Children Fantasy Musical Romance,,
72919,24438,Did You Hear About the Morgans? (2009),Comedy Crime Drama Romance,,
72998,19995,Avatar (2009),Action Adventure Sci-Fi IMAX,,
73015,22897,It's Complicated (2009),Comedy Romance,,
73017,10528,Sherlock Holmes (2009),Action Crime Mystery Thriller,,
73023,25196,Crazy Heart (2009),Drama Romance,,
73042,23398,Alvin and the Chipmunks: The Squeakquel (2009),Animation Children Comedy Musical,,
73211,23963,Pontypool (2008),Horror Thriller,,
73266,22327,Youth in Revolt (2009),Comedy Drama Romance,,
73268,19901,Daybreakers (2010),Action Drama Horror Thriller,,
73290,28178,Hachiko: A Dog's Story (a.k.a. Hachi: A Dog's Tale) (2009),Drama,,
73319,25195,Leap Year (2010),Comedy Romance,,
73321,20504,"Book of Eli, The (2010)",Action Adventure Drama,,
73804,2395,Asterix at the Olympic Games (Astérix aux jeux olympiques) (2008),Adventure Children Comedy Fantasy,,
73929,22894,Legion (2010),Action Fantasy Horror Thriller,,
74075,23988,Stan Helsing (2009),Comedy Horror,,
74228,26466,Triangle (2009),Drama Horror Mystery Thriller,,
74275,8952,I Love You Phillip Morris (2009),Comedy Drama Romance,,
74370,25983,"House of the Devil, The (2009)",Horror Thriller,,
74450,32856,Valentine's Day (2010),Comedy Romance,,
74452,7978,"Wolfman, The (2010)",Horror Thriller,,
74458,11324,Shutter Island (2010),Drama Mystery Thriller,,
74530,32657,Percy Jackson & the Olympians: The Lightning Thief (2010),Adventure Fantasy,,
74532,23742,Cop Out (2010),Action Comedy Crime,,
74545,11439,"Ghost Writer, The (2010)",Drama Mystery Thriller,,
74553,26963,"Secret of Kells, The (2009)",Animation Fantasy,,
74580,23172,"Spy Next Door, The (2010)",Action Children Comedy,,
74624,26428,Agora (2009),Adventure Drama Romance,,
74647,22805,Motherhood (2009),Comedy,,
74685,29427,"Crazies, The (2010)",Action Drama Horror Sci-Fi Thriller,,
74688,22971,Dear John (2010),Drama Romance War,,
74750,10664,[REC]² (2009),Horror Thriller,,
74789,12155,Alice in Wonderland (2010),Adventure Fantasy IMAX,,
74795,22972,Green Zone (2010),Action Drama Thriller War,,
74851,26389,From Paris with Love (2010),Action Crime,,
74946,34016,She's Out of My League (2010),Comedy,,
74948,25941,Harry Brown (2009),Crime Drama Thriller,,
75341,23169,Remember Me (2010),Drama Romance,,
75803,34563,Our Family Wedding (2010),Comedy,,
75805,27573,"Bounty Hunter, The (2010)",Action Comedy Romance,,
75985,31867,Repo Men (2010),Action Sci-Fi Thriller,,
76030,28355,Case 39 (2009),Horror Thriller,,
76054,36970,Oceans (Océans) (2009),Documentary Drama,,
76077,23048,Hot Tub Time Machine (2010),Comedy Sci-Fi,,
76093,10191,How to Train Your Dragon (2010),Adventure Animation Children Fantasy IMAX,,
76173,27936,Micmacs (Micmacs à tire-larigot) (2009),Comedy Crime,,
76175,18823,Clash of the Titans (2010),Action Adventure Drama Fantasy,,
76251,23483,Kick-Ass (2010),Action Comedy,,
76293,35056,Date Night (2010),Action Comedy Romance,,
76763,27586,"Runaways, The (2010)",Drama Musical,,
77206,33217,Diary of a Wimpy Kid (2010),Children Comedy,,
77364,34813,"Losers, The (2010)",Action Adventure Drama Mystery Thriller,,
77414,35690,"Last Song, The (2010)",Drama Romance,,
77421,39053,Cyrus (2010),Comedy Drama Romance,,
77561,10138,Iron Man 2 (2010),Action Adventure Sci-Fi Thriller IMAX,,
77667,37931,MacGruber (2010),Action Comedy,,
77795,34069,Cargo (2009),Sci-Fi,,
77800,37495,Four Lions (2010),Comedy Drama,,
77866,20662,Robin Hood (2010),Action Adventure Drama Romance War,,
78039,46705,Blue Valentine (2010),Drama Romance,,
78041,37821,Killers (2010),Action Comedy,,
78088,26388,Buried (2010),Mystery Thriller,,
78105,9543,Prince of Persia: The Sands of Time (2010),Action Adventure Fantasy Romance IMAX,,
78116,40247,Please Give (2010),Comedy Drama,,
78174,37786,Sex and the City 2 (2010),Comedy Drama Romance,,
78209,32823,Get Him to the Greek (2010),Comedy,,
78264,34806,"Back-up Plan, The (2010)",Comedy Romance,,
78266,37707,Splice (2009),Horror Sci-Fi Thriller,,
78316,37056,Letters to Juliet (2010),Drama Romance,,
78349,29917,Exam (2009),Mystery Thriller,,
78467,20533,Jonah Hex (2010),Action Drama Thriller Western,,
78499,10193,Toy Story 3 (2010),Adventure Animation Children Comedy Fantasy IMAX,,
78574,39013,Winter's Bone (2010),Drama Thriller,,
78637,10192,Shrek Forever After (a.k.a. Shrek: The Final Chapter) (2010),Adventure Animation Children Comedy Fantasy IMAX,,
78772,24021,"Twilight Saga: Eclipse, The (2010)",Fantasy Romance Thriller IMAX,,
78836,34647,Enter the Void (2009),Drama,,
78893,10196,"Last Airbender, The (2010)",Action Adventure Fantasy,,
79057,34851,Predators (2010),Action Sci-Fi Thriller,,
79091,20352,Despicable Me (2010),Animation Children Comedy Crime,,
79132,27205,Inception (2010),Action Crime Drama Mystery Sci-Fi Thriller IMAX,,
79134,38365,Grown Ups (2010),Comedy,,
79139,27022,"Sorcerer's Apprentice, The (2010)",Action Adventure Children Comedy Fantasy,,
79185,37834,Knight and Day (2010),Action Comedy Romance,,
79242,39781,"Kids Are All Right, The (2010)",Comedy Drama,,
79293,27576,Salt (2010),Action Thriller,,
79428,38778,Dinner for Schmucks (2010),Comedy,,
79572,38843,Ramona and Beezus (2010),Children Comedy,,
79592,27581,"Other Guys, The (2010)",Action Comedy,,
79695,27578,"Expendables, The (2010)",Action Adventure Thriller,,
79702,22538,Scott Pilgrim vs. the World (2010),Action Comedy Fantasy Musical Romance,,
79879,43593,Piranha (Piranha 3D) (2010),Action Horror Thriller,,
79897,44718,Get Low (2009),Comedy Drama Mystery,,
79946,41479,"Joneses, The (2009)",Comedy Drama,,
80094,38358,"Last Exorcism, The (2010)",Horror Thriller,,
80126,27579,"American, The (2010)",Drama Thriller,,
80166,41210,"Switch, The (2010)",Comedy Romance,,
80219,23631,Machete (2010),Action Adventure Comedy Crime Thriller,,
80241,38073,Going the Distance (2010),Comedy Romance,,
80363,35791,Resident Evil: Afterlife (2010),Action Horror Sci-Fi Thriller IMAX,,
80463,37799,"Social Network, The (2010)",Drama,,
80489,23168,"Town, The (2010)",Crime Drama Thriller,,
80549,37735,Easy A (2010),Comedy Romance,,
80551,38167,Eat Pray Love (2010),Drama Romance,,
80586,43949,Flipped (2010),Comedy Drama Romance,,
80590,33909,Wall Street: Money Never Sleeps (2010),Drama,,
80615,41216,Legend of the Guardians: The Owls of Ga'Hoole (2010),Adventure Animation Fantasy IMAX,,
80693,43923,It's Kind of a Funny Story (2010),Comedy Drama,,
80831,41402,Let Me In (2010),Drama Horror Mystery,,
80839,39486,Secretariat (2010),Adventure Drama,,
80846,44040,Devil (2010),Horror Mystery Thriller,,
80858,38303,You Again (2010),Comedy,,
80864,38031,You Will Meet a Tall Dark Stranger (2010),Comedy Romance,,
80880,44113,Stone (2010),Drama Thriller,,
80906,44639,Inside Job (2010),Documentary,,
80917,43933,Monsters (2010),Drama Sci-Fi,,
80969,42188,Never Let Me Go (2010),Drama Romance Sci-Fi,,
81132,45649,Rubber (2010),Action Adventure Comedy Crime Drama Film-Noir Horror Mystery Thriller Western,,
81156,16290,Jackass 3D (2010),Action Comedy Documentary,,
81229,39514,Red (2010),Action Comedy,,
81417,41436,Paranormal Activity 2 (2010),Horror IMAX,,
81512,44603,Hereafter (2010),Drama Fantasy,,
81535,41439,Saw VII 3D - The Final Chapter (2010),Horror Mystery Thriller,,
81537,41733,Due Date (2010),Comedy,,
81562,44115,127 Hours (2010),Adventure Drama Thriller,,
81564,38055,Megamind (2010),Action Animation Children Comedy Sci-Fi IMAX,,
81591,44214,Black Swan (2010),Drama Thriller,,
81782,44048,Unstoppable (2010),Action Drama Thriller,,
81784,38357,Morning Glory (2010),Comedy Drama Romance,,
81788,43539,"Next Three Days, The (2010)",Crime Drama Romance Thriller,,
81791,39210,Somewhere (2010),Drama,,
81819,45958,Biutiful (2010),Drama,,
81845,45269,"King's Speech, The (2010)",Drama,,
81847,38757,Tangled (2010),Animation Children Comedy Fantasy Musical Romance IMAX,,
81932,45317,"Fighter, The (2010)",Drama,,
82041,46420,"Loved Ones, The (2009)",Horror,,
82053,45324,Casino Jack (2010),Comedy Crime,,
82095,42684,Skyline (2010),Sci-Fi Thriller,,
82152,38117,Beastly (2011),Drama Fantasy Romance,,
82167,43347,Love and Other Drugs (2010),Comedy Drama Romance,,
82169,10140,"Chronicles of Narnia: The Voyage of the Dawn Treader, The (2010)",Adventure Children Fantasy,,
82202,37710,"Tourist, The (2010)",Drama Thriller,,
82378,46503,All Good Things (2010),Drama Mystery Thriller,,
82459,44264,True Grit (2010),Western,,
82461,20526,Tron: Legacy (2010),Action Adventure Sci-Fi IMAX,,
82499,42888,How Do You Know (2010),Comedy Drama Romance,,
82527,46829,Barney's Version (2010),Drama,,
82744,41283,Faster (2010),Action Crime Drama,,
82767,27585,Rabbit Hole (2010),Drama,,
82852,39451,Little Fockers (2010),Comedy,,
82854,38745,Gulliver's Travels (2010),Adventure Comedy Fantasy,,
83086,42297,Burlesque (2010),Drama Musical Romance,,
83134,46838,Tucker & Dale vs Evil (2010),Comedy Horror,,
83177,41515,Yogi Bear (2010),Children Comedy,,
83270,46138,Made in Dagenham (2010),Comedy Drama,,
83349,40805,"Green Hornet, The (2011)",Action Comedy Crime Fantasy Thriller IMAX,,
83374,46528,"Warrior's Way, The (2010)",Action Fantasy Western,,
83910,44564,"Dilemma, The (2011)",Comedy Drama,,
84189,43947,I Spit on Your Grave (2010),Crime Horror Thriller,,
84374,41630,No Strings Attached (2011),Comedy Romance,,
84392,50348,"Lincoln Lawyer, The (2011)",Crime Drama Thriller,,
84601,48138,Unknown (2011),Drama Mystery Thriller,,
84615,52067,Cedar Rapids (2011),Comedy,,
84772,39513,Paul (2011),Adventure Comedy Sci-Fi,,
84847,183894,Emma (2009),Comedy Drama Romance,,
84942,47327,Drive Angry (2011),Action Fantasy Thriller,,
84944,44896,Rango (2011),Action Adventure Animation Children Comedy Western,,
84950,50725,Take Me Home Tonight (2011),Comedy Drama,,
84954,38050,"Adjustment Bureau, The (2011)",Romance Sci-Fi Thriller,,
85020,27582,"Mechanic, The (2011)",Action Drama Thriller,,
85022,48988,Hall Pass (2011),Comedy,,
85056,46529,I Am Number Four (2011),Action Sci-Fi Thriller IMAX,,
85131,44943,Battle: Los Angeles (2011),Action Sci-Fi War,,
85261,50321,Mars Needs Moms (2011),Action Adventure Animation Children Comedy Sci-Fi IMAX,,
85367,50546,Just Go with It (2011),Comedy Romance,,
85397,49730,Red Riding Hood (2011),Fantasy Horror Mystery Thriller,,
85399,38322,"Big Mommas: Like Father, Like Son (2011)",Comedy,,
85401,45132,Super (2010),Action Comedy Drama,,
85412,46146,"Troll Hunter, The (Trolljegeren) (2010)",Fantasy Horror,,
85414,45612,Source Code (2011),Action Drama Mystery Sci-Fi Thriller,,
85510,23629,Sucker Punch (2011),Action Fantasy Thriller IMAX,,
85788,49018,Insidious (2010),Fantasy Horror Thriller,,
85796,49010,Hobo with a Shotgun (2011),Action Adventure Crime Thriller,,
86014,60307,Diary of a Wimpy Kid: Rodrick Rules (2011),Comedy,,
86059,50359,Hop (2011),Animation Children Comedy,,
86190,50456,Hanna (2011),Action Adventure Mystery Thriller,,
86295,41446,Scream 4 (2011),Comedy Horror Mystery Thriller,,
86298,46195,Rio (2011),Adventure Animation Children Comedy,,
86320,62215,Melancholia (2011),Drama Sci-Fi,,
86332,10195,Thor (2011),Action Adventure Drama Fantasy IMAX,,
86548,55787,Water for Elephants (2011),Drama Romance,,
86644,51497,"Fast Five (Fast and the Furious 5, The) (2011)",Action Crime Drama Thriller IMAX,,
86781,46738,Incendies (2010),Drama Mystery War,,
86815,43959,Soul Surfer (2011),Action Drama,,
86817,49022,Something Borrowed (2011),Comedy Drama Romance,,
86833,55721,Bridesmaids (2011),Comedy,,
86835,38321,Priest (2011),Action Horror Sci-Fi Thriller,,
86880,1865,Pirates of the Caribbean: On Stranger Tides (2011),Action Adventure Fantasy IMAX,,
86882,59436,Midnight in Paris (2011),Comedy Fantasy Romance,,
86898,8967,"Tree of Life, The (2011)",Drama,,
86911,45243,"Hangover Part II, The (2011)",Comedy,,
87028,49950,"Roommate, The (2011)",Drama Thriller,,
87192,59678,Attack the Block (2011),Action Comedy Sci-Fi,,
87222,49444,Kung Fu Panda 2 (2011),Action Adventure Animation Children Comedy IMAX,,
87232,49538,X-Men: First Class (2011),Action Adventure Sci-Fi Thriller War,,
87234,49020,Submarine (2010),Comedy Drama Romance,,
87298,45658,Everything Must Go (2010),Comedy Drama,,
87304,55347,Beginners (2010),Drama,,
87306,37686,Super 8 (2011),Mystery Sci-Fi Thriller IMAX,,
87430,44912,Green Lantern (2011),Action Adventure Sci-Fi,,
87483,58224,Mr. Popper's Penguins (2011),Comedy,,
87485,52449,Bad Teacher (2011),Comedy,,
87520,38356,Transformers: Dark of the Moon (2011),Action Adventure Sci-Fi War IMAX,,
87522,59861,Larry Crowne (2011),Comedy Drama Romance,,
87529,38319,Your Highness (2011),Action Adventure Comedy Fantasy,,
87785,22907,Takers (2010),Action Crime Thriller,,
87867,38317,Zookeeper (2011),Comedy,,
87869,51540,Horrible Bosses (2011),Comedy Crime,,
87876,49013,Cars 2 (2011),Adventure Animation Children Comedy IMAX,,
88108,59860,Monte Carlo (2011),Adventure Comedy Romance,,
88129,64690,Drive (2011),Crime Drama Film-Noir Thriller,,
88140,1771,Captain America: The First Avenger (2011),Action Adventure Sci-Fi Thriller War,,
88163,50646,"Crazy, Stupid, Love. (2011)",Comedy Drama Romance,,
88179,51828,One Day (2011),Drama Romance,,
88235,67913,"Guard, The (2011)",Comedy Crime,,
88267,51162,Winnie the Pooh (2011),Animation Children Comedy,,
88356,41513,"Smurfs, The (2011)",Animation Children Comedy,,
88405,50544,Friends with Benefits (2011),Comedy Romance,,
88672,59968,Our Idiot Brother (2011),Comedy,,
88744,61791,Rise of the Planet of the Apes (2011),Action Drama Sci-Fi Thriller,,
88785,49520,"Change-Up, The (2011)",Comedy,,
88810,50014,"Help, The (2011)",Drama,,
88812,62206,30 Minutes or Less (2011),Action Comedy Crime,,
88932,55779,Final Destination 5 (2011),Horror Thriller IMAX,,
88954,55465,"Very Harold & Kumar 3D Christmas, A (2011)",Comedy,,
89028,46261,Don't Be Afraid of the Dark (2010),Horror Thriller,,
89030,58151,Fright Night (2011),Comedy Horror,,
89039,55420,Another Earth (2011),Drama Romance Sci-Fi,,
89047,44835,Hesher (2010),Drama,,
89072,52015,Stake Land (2010),Horror,,
89085,48289,"Debt, The (2011)",Drama Thriller,,
89087,62835,Colombiana (2011),Action Adventure Drama Thriller,,
89343,48572,Red State (2011),Action Crime Horror Thriller,,
89388,70868,I Don't Know How She Does It (2011),Comedy,,
89427,65055,Shark Night 3D (2011),Horror Thriller,,
89470,39538,Contagion (2011),Sci-Fi Thriller IMAX,,
89492,60308,Moneyball (2011),Drama,,
89745,24428,"Avengers, The (2012)",Action Adventure Sci-Fi IMAX,,
89753,49517,Tinker Tailor Soldier Spy (2011),Drama Film-Noir Thriller,,
89759,60243,"Separation, A (Jodaeiye Nader az Simin) (2011)",Drama,,
89761,48231,"Dangerous Method, A (2011)",Drama Thriller,,
89774,59440,Warrior (2011),Drama,,
89804,10316,"Ides of March, The (2011)",Drama,,
89837,74725,Kill List (2011),Horror Mystery Thriller,,
89840,49021,Killer Elite (2011),Action Thriller,,
89864,40807,50/50 (2011),Comedy Drama,,
89904,74643,The Artist (2011),Comedy Drama Romance,,
90057,64720,Take Shelter (2011),Drama,,
90249,39254,Real Steel (2011),Action Drama Sci-Fi IMAX,,
90374,50837,Martha Marcy May Marlene (2011),Drama Thriller,,
90376,71859,We Need to Talk About Kevin (2011),Drama Thriller,,
90403,52451,"Three Musketeers, The (2011)",Action Adventure,,
90405,49530,In Time (2011),Crime Sci-Fi Thriller,,
90428,44754,Margaret (2011),Drama,,
90430,72113,Carnage (2011),Comedy Drama,,
90439,50839,Margin Call (2011),Drama Thriller,,
90469,72571,Paranormal Activity 3 (2011),Horror,,
90522,58233,Johnny English Reborn (2011),Adventure Comedy Thriller,,
90524,59965,Abduction (2011),Action Drama Mystery Thriller,,
90531,76025,Shame (2011),Drama,,
90576,63492,What's Your Number? (2011),Comedy Romance,,
90600,70670,Headhunters (Hodejegerne) (2011),Action Crime Thriller,,
90717,59108,Tower Heist (2011),Action Comedy Crime,,
90719,88794,J. Edgar (2011),Drama,,
90746,17578,"Adventures of Tintin, The (2011)",Action Animation Mystery IMAX,,
90769,40658,Starsuckers (2009),Documentary,,
90866,44826,Hugo (2011),Children Drama Mystery,,
90888,37958,Immortals (2011),Action Drama Fantasy,,
90890,71880,Jack and Jill (2011),Comedy,,
91077,65057,"Descendants, The (2011)",Comedy Drama,,
91079,60420,Like Crazy (2011),Drama Romance,,
91094,64328,"Muppets, The (2011)",Children Comedy Musical,,
91126,57212,War Horse (2011),Drama War,,
91323,57431,"Sitter, The (2011)",Comedy,,
91325,64685,Extremely Loud and Incredibly Close (2011),Drama,,
91386,65759,Happy Feet Two (2011),Animation Children Comedy IMAX,,
91414,51052,Arthur Christmas (2011),Animation Children Comedy Drama,,
91483,70074,Bullet to the Head (2012),Action Crime Film-Noir,,
91485,76163,"Expendables 2, The (2012)",Action Adventure,,
91500,70160,The Hunger Games (2012),Action Adventure Drama Sci-Fi Thriller,,
91529,49026,"Dark Knight Rises, The (2012)",Action Adventure Crime IMAX,,
91535,49040,"Bourne Legacy, The (2012)",Action Adventure Drama Thriller IMAX,,
91542,58574,Sherlock Holmes: A Game of Shadows (2011),Action Adventure Comedy Crime Mystery Thriller,,
91571,101173,Coriolanus (2011),Drama Thriller,,
91622,57157,Young Adult (2011),Comedy Drama,,
91628,62838,New Year's Eve (2011),Comedy Romance,,
91630,56292,Mission: Impossible - Ghost Protocol (2011),Action Adventure Thriller IMAX,,
91653,74465,We Bought a Zoo (2011),Comedy Drama,,
91658,65754,"Girl with the Dragon Tattoo, The (2011)",Drama Thriller,,
91660,71469,"Darkest Hour, The (2011)",Action Horror Sci-Fi Thriller,,
91671,55301,Alvin and the Chipmunks: Chipwrecked (2011),Animation Comedy,,
91688,51995,Salvation Boulevard (2011),Comedy Thriller,,
91842,77866,Contraband (2012),Action Crime Drama Thriller,,
91873,63574,Joyful Noise (2012),Comedy Musical,,
91890,71688,"Iron Lady, The (2011)",Drama,,
91974,52520,Underworld: Awakening (2012),Action Fantasy Horror IMAX,,
91976,75174,"Grey, The (2012)",Action Drama,,
91978,49527,Man on a Ledge (2012),Crime Thriller,,
92008,70435,Haywire (2011),Action Thriller,,
92192,50357,Apollo 18 (2011),Horror Sci-Fi Thriller,,
92234,72431,Red Tails (2012),Action Adventure Drama War,,
92243,76758,"Flowers of War, The (Jin líng shí san chai) (2011)",Drama War,,
92264,54054,One for the Money (2012),Action Comedy Crime,,
92309,58428,"Innkeepers, The (2011)",Horror Thriller,,
92391,50698,Grave Encounters (2011),Horror,,
92420,76726,Chronicle (2012),Action Sci-Fi Thriller,,
92422,65086,"Woman in Black, The (2012)",Drama Horror Thriller,,
92439,64678,"Art of Getting By, The (2011)",Drama Romance,,
92507,59961,Safe House (2012),Action Crime Mystery Thriller,,
92509,72570,"Vow, The (2012)",Drama Romance,,
92665,84200,"For a Good Time, Call... (2012)",Comedy Drama Romance,,
92681,72545,Journey 2: The Mysterious Island (2012),Action Adventure Comedy Sci-Fi IMAX,,
92938,71676,Ghost Rider: Spirit of Vengeance (2012),Action Fantasy Thriller,,
93270,57214,Project X (2012),Comedy,,
93287,73937,"Big Year, The (2011)",Comedy,,
93297,75674,Act of Valor (2012),Action Thriller War,,
93326,59962,This Means War (2012),Action Comedy Romance,,
93363,49529,John Carter (2012),Action Adventure Sci-Fi IMAX,,
93510,64688,21 Jump Street (2012),Action Comedy Crime,,
93512,82532,"Jeff, Who Lives at Home (2012)",Comedy Drama,,
93563,81796,Lockout (2012),Action Sci-Fi Thriller,,
93610,61984,Space Battleship Yamato (2010),Action Adventure Drama,,
93723,82533,Damsels in Distress (2011),Comedy Romance,,
93766,57165,Wrath of the Titans (2012),Action Adventure Fantasy IMAX,,
93819,74777,Absentia (2011),Horror,,
93831,71552,American Reunion (American Pie 4) (2012),Comedy,,
93838,94329,The Raid: Redemption (2011),Action Crime,,
93840,22970,"Cabin in the Woods, The (2012)",Comedy Horror Sci-Fi Thriller,,
93980,76489,"Three Stooges, The (2012)",Comedy,,
93982,70436,"Raven, The (2012)",Mystery Thriller,,
94015,62764,Mirror Mirror (2012),Adventure Comedy Fantasy,,
94018,44833,Battleship (2012),Action Sci-Fi Thriller IMAX,,
94070,74534,"Best Exotic Marigold Hotel, The (2011)",Comedy Drama,,
94266,72207,"Five-Year Engagement, The (2012)",Comedy Romance,,
94323,67660,Think Like a Man (2012),Comedy,,
94325,77877,"Lucky One, The (2012)",Drama,,
94405,72387,Safe (2012),Action Crime Thriller,,
94478,62213,Dark Shadows (2012),Comedy Horror IMAX,,
94661,26815,Rocket Singh: Salesman of the Year (2009),Comedy Drama,,
94677,76493,"Dictator, The (2012)",Comedy,,
94777,41154,Men in Black III (M.III.B.) (M.I.B.³) (2012),Action Comedy Sci-Fi IMAX,,
94780,58595,Snow White and the Huntsman (2012),Action Adventure Drama,,
94799,86812,Sound of My Voice (2011),Drama Mystery Sci-Fi,,
94833,72197,"Pirates! Band of Misfits, The (2012)",Adventure Animation Children Comedy,,
94864,70981,Prometheus (2012),Action Horror Sci-Fi IMAX,,
94896,92591,Bernie (2011),Comedy Crime Drama,,
94953,50647,Wanderlust (2012),Comedy,,
94959,83666,Moonrise Kingdom (2012),Comedy Drama Romance,,
95067,72358,"Thousand Words, A (2012)",Comedy Drama,,
95088,84332,Safety Not Guaranteed (2012),Comedy Drama,,
95105,80321,Madagascar 3: Europe's Most Wanted (2012),Adventure Animation Children Comedy IMAX,,
95135,84355,Your Sister's Sister (2011),Comedy Drama,,
95167,62177,Brave (2012),Action Adventure Animation Children,,
95199,76494,What to Expect When You're Expecting (2012),Comedy Drama Romance,,
95201,81836,To Rome with Love (2012),Comedy,,
95207,72331,Abraham Lincoln: Vampire Hunter (2012),Action Fantasy Horror Thriller,,
95307,80585,Rock of Ages (2012),Comedy Drama Musical IMAX,,
95309,88005,Seeking a Friend for the End of the World (2012),Comedy Drama Romance,,
95441,72105,Ted (2012),Comedy Fantasy,,
95449,77930,Magic Mike (2012),Drama Romance,,
95510,1930,"Amazing Spider-Man, The (2012)",Action Adventure Sci-Fi IMAX,,
95543,57800,Ice Age 4: Continental Drift (2012),Adventure Animation Comedy,,
95558,84175,Beasts of the Southern Wild (2012),Drama Fantasy,,
95583,82525,Savages (2012),Crime Drama Thriller,,
95690,80468,Some Guy Who Kills People (2011),Comedy Thriller,,
95720,80035,"Watch, The (2012)",Comedy Sci-Fi,,
95761,73567,Killer Joe (2011),Crime Thriller,,
96079,37724,Skyfall (2012),Action Adventure Thriller IMAX,,
96110,77953,"Campaign, The (2012)",Comedy,,
96121,82696,Hope Springs (2012),Comedy Drama,,
96281,77174,ParaNorman (2012),Adventure Animation Comedy,,
96283,82650,Diary of a Wimpy Kid: Dog Days (2012),Children Comedy,,
96417,49526,Premium Rush (2012),Action Thriller,,
96430,71864,"Odd Life of Timothy Green, The (2012)",Comedy Drama Fantasy,,
96567,83686,"Words, The (2012)",Drama Romance,,
96588,114150,Pitch Perfect (2012),Comedy Musical,,
96606,89708,Samsara (2011),Documentary,,
96610,59967,Looper (2012),Action Crime Sci-Fi,,
96616,87428,That's My Boy (2012),Comedy,,
96655,84329,Robot & Frank (2012),Comedy Drama Sci-Fi,,
96691,71679,Resident Evil: Retribution (2012),Action Horror Sci-Fi IMAX,,
96728,68722,"Master, The (2012)",Drama,,
96737,49049,Dredd (2012),Action Sci-Fi,,
96811,77016,End of Watch (2012),Crime Drama Thriller,,
96821,84892,"Perks of Being a Wallflower, The (2012)",Drama Romance,,
96829,103663,"Hunt, The (Jagten) (2012)",Drama,,
96832,103328,Holy Motors (2012),Drama Fantasy Musical Mystery Sci-Fi,,
96861,82675,Taken 2 (2012),Action Crime Drama Thriller,,
96917,82505,House at the End of the Street (2012),Horror Thriller,,
96975,80271,LOL (2012),Comedy Drama Romance,,
97172,62214,Frankenweenie (2012),Animation Comedy Horror IMAX,,
97188,82507,Sinister (2012),Horror Thriller,,
97225,76492,Hotel Transylvania (2012),Animation Children Comedy,,
97304,68734,Argo (2012),Drama Thriller,,
97306,86838,Seven Psychopaths (2012),Comedy Crime,,
97701,82990,Paranormal Activity 4 (2012),Horror IMAX,,
97742,94348,Alex Cross (2012),Action Crime Mystery Thriller,,
97752,83542,Cloud Atlas (2012),Drama Sci-Fi IMAX,,
97785,61012,Silent Hill: Revelation 3D (2012),Horror Mystery Thriller,,
97836,87826,Here Comes the Boom (2012),Action Comedy,,
97860,64689,Killing Them Softly (2012),Crime Drama Thriller,,
97870,113947,"Sessions, The (Surrogate, The) (2012)",Drama,,
97913,82690,Wreck-It Ralph (2012),Animation Comedy,,
97921,82693,Silver Linings Playbook (2012),Comedy Drama,,
97923,87502,Flight (2012),Drama,,
97936,96724,Anna Karenina (2012),Drama,,
97938,87827,Life of Pi (2012),Adventure Drama IMAX,,
97950,97430,"Man with the Iron Fists, The (2012)",Action Adventure Crime,,
98122,80215,Indie Game: The Movie (2012),Documentary,,
98154,72976,Lincoln (2012),Drama War,,
98175,73935,Vamps (2012),Comedy Horror Romance,,
98203,50620,"Twilight Saga: Breaking Dawn - Part 2, The (2012)",Adventure Drama Fantasy Romance IMAX,,
98243,81188,Rise of the Guardians (2012),Adventure Animation Children Fantasy IMAX,,
98296,97614,Deadfall (2012),Crime Drama Thriller,,
98809,49051,"Hobbit: An Unexpected Journey, The (2012)",Adventure Fantasy IMAX,,
98961,97630,Zero Dark Thirty (2012),Action Drama Thriller,,
99007,82654,Warm Bodies (2013),Comedy Horror Romance,,
99087,77875,Playing for Keeps (2012),Comedy Romance,,
99106,82687,"Guilt Trip, The (2012)",Comedy,,
99112,75780,Jack Reacher (2012),Action Crime Thriller,,
99114,68718,Django Unchained (2012),Action Drama Western,,
99117,89492,This Is 40 (2012),Drama,,
99145,80278,"Impossible, The (Imposible, Lo) (2012)",Drama Thriller,,
99149,82695,"Misérables, Les (2012)",Drama Musical Romance IMAX,,
99415,88042,Parental Guidance (2012),Comedy,,
99574,133694,Promised Land (2012),Drama,,
99721,76617,Texas Chainsaw 3D (2013),Horror Mystery Thriller,,
99728,82682,Gangster Squad (2013),Action Crime Drama,,
99750,68812,"Iceman, The (2012)",Crime Drama Thriller,,
99813,142061,"Batman: The Dark Knight Returns, Part 2 (2013)",Action Animation,,
99910,76640,"Last Stand, The (2013)",Action Crime Thriller,,
100083,87818,Movie 43 (2013),Comedy,,
100163,60304,Hansel & Gretel: Witch Hunters (2013),Action Fantasy Horror IMAX,,
100383,109421,Side Effects (2013),Crime Drama Mystery Thriller,,
100390,109431,Identity Thief (2013),Comedy Crime,,
100487,109491,Beautiful Creatures (2013),Drama Fantasy Romance,,
100498,47964,"Good Day to Die Hard, A (2013)",Action Crime Thriller IMAX,,
100507,107811,21 and Over (2013),Comedy,,
100527,112949,Safe Haven (2013),Drama Mystery Romance,,
100556,123678,"Act of Killing, The (2012)",Documentary,,
100611,68179,Escape from Planet Earth (2013),Adventure Animation Comedy Sci-Fi,,
100714,132344,Before Midnight (2013),Drama Romance,,
100737,134411,Snitch (2013),Action Drama Thriller,,
101025,81005,Jack the Giant Slayer (2013),Adventure Fantasy IMAX,,
101076,72559,G.I. Joe: Retaliation (2013),Action Adventure Sci-Fi Thriller IMAX,,
101088,86825,Stoker (2013),Drama Mystery Thriller,,
101112,68728,Oz the Great and Powerful (2013),Action Adventure Fantasy IMAX,,
101142,49519,"Croods, The (2013)",Adventure Animation Comedy,,
101283,124459,"Incredible Burt Wonderstone, The (2013)",Comedy,,
101360,158011,"Call, The (2013)",Drama Thriller,,
101362,117263,Olympus Has Fallen (2013),Action Thriller,,
101525,97367,"Place Beyond the Pines, The (2012)",Crime Drama,,
101529,127867,"Brass Teapot, The (2012)",Comedy Fantasy Thriller,,
101577,72710,"Host, The (2013)",Action Adventure Romance,,
101612,144340,Admission (2013),Comedy Romance,,
101739,109428,Evil Dead (2013),Horror,,
101741,68727,Trance (2013),Crime Thriller,,
101765,133698,"Perfect Plan, A (Plan parfait, Un) (2012)",Adventure Comedy Romance,,
101864,75612,Oblivion (2013),Action Adventure Sci-Fi IMAX,,
101895,109410,42 (2013),Drama,,
102033,134374,Pain & Gain (2013),Action Comedy Crime,,
102070,84204,Grabbers (2012),Comedy Horror Sci-Fi,,
102088,44865,"Grandmaster, The (Yi dai zong shi) (2013)",Action Drama IMAX,,
102123,109414,This Is the End (2013),Action Comedy,,
102125,68721,Iron Man 3 (2013),Action Sci-Fi Thriller IMAX,,
102194,103731,Mud (2012),Adventure Crime Drama,,
102407,64682,"Great Gatsby, The (2013)",Drama,,
102445,54138,Star Trek Into Darkness (2013),Action Adventure Sci-Fi IMAX,,
102481,116741,"Internship, The (2013)",Comedy,,
102684,77987,Only God Forgives (2013),Drama Thriller,,
102720,116711,Epic (2013),Adventure Animation Fantasy,,
102760,42151,Down Terrace (2009),Comedy Crime Drama,,
102800,121986,Frances Ha (2012),Comedy Drama,,
102802,104755,"Lords of Salem, The (2012)",Horror Thriller,,
102880,82700,After Earth (2013),Action Adventure Sci-Fi IMAX,,
102903,75656,Now You See Me (2013),Crime Mystery Thriller,,
102993,147773,"Way, Way Back, The (2013)",Comedy Drama,,
103042,49521,Man of Steel (2013),Action Adventure Fantasy Sci-Fi IMAX,,
103075,158015,"Purge, The (2013)",Crime Horror Thriller,,
103107,159014,20 Feet from Stardom (Twenty Feet from Stardom) (2013),Documentary,,
103141,62211,Monsters University (2013),Adventure Animation Comedy,,
103219,103620,Maniac (2012),Horror Thriller,,
103228,68726,Pacific Rim (2013),Action Adventure Sci-Fi IMAX,,
103235,152742,"Best Offer, The (Migliore offerta, La) (2013)",Thriller,,
103249,72190,World War Z (2013),Action Drama Horror IMAX,,
103253,68724,Elysium (2013),Action Drama Sci-Fi IMAX,,
103335,93456,Despicable Me 2 (2013),Animation Children Comedy IMAX,,
103339,117251,White House Down (2013),Action Drama Thriller IMAX,,
103341,107985,"World's End, The (2013)",Action Comedy Sci-Fi,,
103372,136795,"Heat, The (2013)",Action Comedy Crime,,
103384,57201,"Lone Ranger, The (2013)",Action Adventure Western IMAX,,
103539,157386,The Spectacular Now (2013),Comedy Drama Romance,,
103596,205321,Sharknado (2013),Sci-Fi,,
103624,157354,Fruitvale Station (2013),Drama,,
103655,49524,R.I.P.D. (2013),Action Comedy Fantasy,,
103688,138843,"Conjuring, The (2013)",Horror Thriller,,
103755,77950,Turbo (2013),Adventure Animation Children Comedy Fantasy,,
103772,76170,"Wolverine, The (2013)",Action Adventure Fantasy Sci-Fi,,
103801,172533,Drinking Buddies (2013),Comedy Drama Romance,,
103810,146216,Red 2 (2013),Action Comedy Crime Thriller,,
103819,198062,Coffee Town (2013),Comedy,,
103883,136400,2 Guns (2013),Action Comedy Crime,,
103980,160588,Blue Jasmine (2013),Drama,,
103984,179144,"Great Beauty, The (Grande Bellezza, La) (2013)",Comedy Drama,,
104074,76285,Percy Jackson: Sea of Monsters (2013),Adventure Children Fantasy,,
104076,77931,"Smurfs 2, The (2013)",Animation Children Comedy,,
104211,138832,We're the Millers (2013),Comedy Crime,,
104218,109418,Grown Ups 2 (2013),Comedy,,
104241,59859,Kick-Ass 2 (2013),Action Comedy Crime,,
104243,87421,Riddick (2013),Action Sci-Fi Thriller IMAX,,
104337,132363,Lee Daniels' The Butler (2013),Drama,,
104374,122906,About Time (2013),Drama Fantasy Romance,,
104760,146227,Getaway (2013),Action Crime,,
104841,49047,Gravity (2013),Action Sci-Fi IMAX,,
104879,146233,Prisoners (2013),Drama Mystery Thriller,,
104908,91586,Insidious: Chapter 2 (2013),Horror Thriller,,
104913,96721,Rush (2013),Action Drama,,
105037,129139,"To Do List, The (2013)",Comedy,,
105121,121676,Inescapable (2012),Action Drama War,,
105197,129670,Nebraska (2013),Adventure Drama,,
105211,209263,Enough Said (2013),Comedy Drama Romance,,
105213,138697,Don Jon (2013),Comedy Drama Romance,,
105351,146238,Runner Runner (2013),Crime Drama Thriller,,
105468,109451,Cloudy with a Chance of Meatballs 2 (2013),Animation Children Comedy Fantasy,,
105504,109424,Captain Phillips (2013),Adventure Drama Thriller IMAX,,
105585,106747,Machete Kills (Machete 2) (2013),Action Crime Thriller,,
105653,107846,Escape Plan (2013),Action Mystery Thriller,,
105731,133805,Carrie (2013),Drama Horror,,
105755,109091,"Counselor, The (2013)",Crime Drama Thriller,,
105801,158752,Escape From Tomorrow (2013),Drama Fantasy Horror,,
105844,76203,12 Years a Slave (2013),Drama,,
105954,152747,All Is Lost (2013),Action Adventure Drama,,
106002,80274,Ender's Game (2013),Action Adventure Sci-Fi IMAX,,
106062,208134,Jackass Presents: Bad Grandpa (2013),Comedy,,
106072,76338,Thor: The Dark World (2013),Action Adventure Fantasy IMAX,,
106100,152532,Dallas Buyers Club (2013),Drama,,
106330,137093,Last Vegas (2013),Comedy Drama Romance,,
106438,205220,Philomena (2013),Comedy Drama,,
106441,203833,"Book Thief, The (2013)",Children Drama War,,
106487,101299,The Hunger Games: Catching Fire (2013),Action Adventure Sci-Fi IMAX,,
106489,57158,"Hobbit: The Desolation of Smaug, The (2013)",Adventure Fantasy IMAX,,
106491,64686,47 Ronin (2013),Action Adventure Fantasy,,
106540,146239,Delivery Man (2013),Comedy,,
106696,109445,Frozen (2013),Adventure Animation Comedy Fantasy Musical Romance,,
106766,86829,Inside Llewyn Davis (2013),Drama,,
106782,106646,"Wolf of Wall Street, The (2013)",Comedy Crime Drama,,
106785,204082,Homefront (2013),Action Crime Thriller,,
106839,192136,Mandela: Long Walk to Freedom (2013),Drama,,
106883,174311,All is Bright (2013),Comedy Drama,,
106916,168672,American Hustle (2013),Crime Drama,,
106918,116745,"Secret Life of Walter Mitty, The (2013)",Adventure Comedy Drama,,
106920,152601,Her (2013),Drama Romance Sci-Fi,,
107069,193756,Lone Survivor (2013),Action Drama Thriller War,,
107141,140823,Saving Mr. Banks (2013),Comedy Drama,,
107348,109443,Anchorman 2: The Legend Continues (2013),Comedy,,
107406,110415,Snowpiercer (2013),Action Drama Sci-Fi,,
107702,64807,Grudge Match (2013),Comedy,,
108156,168530,Ride Along (2014),Action Comedy,,
108188,137094,Jack Ryan: Shadow Recruit (2014),Action Drama Thriller IMAX,,
108190,157350,Divergent (2014),Adventure Romance Sci-Fi IMAX,,
108540,126319,Ernest & Célestine (Ernest et Célestine) (2012),Adventure Animation Children Comedy Drama Romance,,
108689,100241,"I, Frankenstein (2014)",Action Fantasy Sci-Fi IMAX,,
108928,152760,"Monuments Men, The (2014)",Action Drama War,,
108932,137106,The Lego Movie (2014),Action Adventure Animation Children Comedy Fantasy,,
108945,97020,RoboCop (2014),Action Crime Sci-Fi IMAX,,
109191,137321,Winter's Tale (2014),Drama Fantasy Mystery,,
109372,222899,About Last Night (2014),Comedy Romance,,
109374,120467,"Grand Budapest Hotel, The (2014)",Comedy Drama,,
109483,225565,That Awkward Moment (2014),Comedy Romance,,
109487,157336,Interstellar (2014),Sci-Fi IMAX,,
109569,192102,3 Days to Kill (2014),Action Crime Drama,,
109578,225574,Non-Stop (2014),Action Mystery Thriller,,
109673,53182,300: Rise of an Empire (2014),Action Drama War IMAX,,
109846,82703,Mr. Peabody & Sherman (2014),Adventure Animation Comedy,,
109848,97370,Under the Skin (2013),Horror Sci-Fi Thriller,,
109850,136797,Need for Speed (2014),Action Crime Drama IMAX,,
109895,209403,Bad Words (2013),Comedy,,
109897,235260,Son of God (2014),Drama,,
110102,100402,Captain America: The Winter Soldier (2014),Action Adventure Sci-Fi IMAX,,
110127,86834,Noah (2014),Adventure Drama IMAX,,
110130,227783,"Nut Job, The (2014)",Adventure Animation Children Comedy,,
110297,145220,Muppets Most Wanted (2014),Adventure Comedy Crime,,
110553,102382,The Amazing Spider-Man 2 (2014),Action Sci-Fi IMAX,,
110591,157547,Oculus (2013),Horror,,
110655,172385,Rio 2 (2014),Adventure Animation Children Comedy,,
110730,157353,Transcendence (2014),Drama Sci-Fi IMAX,,
110771,193610,"Other Woman, The (2014)",Comedy Romance,,
110773,184345,"Haunted House 2, A (2014)",Comedy Horror,,
110826,254473,Brick Mansions (2014),Action Crime Drama,,
111113,195589,Neighbors (2014),Comedy,,
111320,252680,Mom's Night Out (2014),Comedy,,
111360,240832,Lucy (2014),Action Sci-Fi,,
111362,127585,X-Men: Days of Future Past (2014),Action Adventure Sci-Fi,,
111384,188166,Blue Ruin (2013),Thriller,,
111617,232672,Blended (2014),Comedy,,
111622,198277,Begin Again (2013),Comedy Romance,,
111659,102651,Maleficent (2014),Action Adventure Children IMAX,,
111743,188161,A Million Ways to Die in the West (2014),Comedy Western,,
111759,137113,Edge of Tomorrow (2014),Action Sci-Fi IMAX,,
111781,177677,Mission: Impossible - Rogue Nation (2015),Action Adventure Thriller,,
111795,198185,Million Dollar Arm (2014),Comedy Drama,,
111921,222935,The Fault in Our Stars (2014),Drama Romance,,
112138,187017,22 Jump Street (2014),Action Comedy Crime,,
112171,156022,"Equalizer, The (2014)",Action Crime Thriller,,
112175,82702,How to Train Your Dragon 2 (2014),Action Adventure Animation,,
112183,194662,Birdman: Or (The Unexpected Virtue of Ignorance) (2014),Comedy Drama,,
112290,85350,Boyhood (2014),Drama,,
112303,184098,Think Like a Man Too (2014),Comedy Romance,,
112316,209451,Jersey Boys (2014),Drama Musical,,
112370,91314,Transformers: Age of Extinction (2014),Action Adventure Sci-Fi,,
112450,180296,They Came Together (2014),Comedy Romance,,
112497,226486,Tammy (2014),Comedy,,
112552,244786,Whiplash (2014),Drama,,
112556,210577,Gone Girl (2014),Drama Thriller,,
112623,119450,Dawn of the Planet of the Apes (2014),Sci-Fi,,
112727,184346,Deliver Us from Evil (2014),Crime Horror Thriller,,
112749,253235,And So It Goes (2014),Comedy Drama Romance,,
112788,225886,Sex Tape (2014),Comedy,,
112804,244267,I Origins (2014),Drama Sci-Fi,,
112818,238636,"Purge: Anarchy, The (2014)",Action Horror Thriller,,
112852,118340,Guardians of the Galaxy (2014),Action Adventure Sci-Fi,,
112868,242095,"Signal, The (2014)",Sci-Fi Thriller,,
112897,138103,The Expendables 3 (2014),Action Adventure,,
112911,184315,Hercules (2014),Action Adventure,,
112940,157849,A Most Wanted Man (2014),Thriller,,
113207,239566,Get on Up (2014),Drama Musical,,
113252,253306,Housebound (2014),Comedy Horror Thriller,,
113275,228194,The Hundred-Foot Journey (2014),Comedy Drama,,
113345,76757,Jupiter Ascending (2015),Action Adventure Sci-Fi,,
113348,98566,Teenage Mutant Ninja Turtles (2014),Action Adventure Comedy,,
113378,227156,"Giver, The (2014)",Drama Sci-Fi,,
113453,193893,Let's Be Cops (2014),Comedy Crime,,
113573,189,Sin City: A Dame to Kill For (2014),Action Crime Thriller,,
113604,249164,If I Stay (2014),Drama,,
113780,256274,"As Above, So Below (2014)",Horror Thriller,,
114074,244772,The Skeleton Twins (2014),Drama,,
114180,198663,"Maze Runner, The (2014)",Action Mystery Sci-Fi,,
114246,169917,"Walk Among the Tombstones, A (2014)",Action Crime Mystery Thriller,,
114601,239678,This Is Where I Leave You (2014),Comedy Drama,,
114662,190859,American Sniper (2014),Action War,,
114670,246403,Tusk (2014),Comedy Drama Horror,,
114713,250546,Annabelle (2014),Horror,,
114795,49017,Dracula Untold (2014),Action Drama Fantasy,,
114847,262543,Autómata (Automata) (2014),Sci-Fi Thriller,,
115151,208869,Plastic (2014),Action Crime,,
115170,205587,"Judge, The (2014)",Drama,,
115210,228150,Fury (2014),Action Drama War,,
115231,239563,St. Vincent (2014),Comedy,,
115569,242582,Nightcrawler (2014),Crime Drama Thriller,,
115617,177572,Big Hero 6 (2014),Action Animation Comedy,,
115664,228326,The Book of Life (2014),Adventure Animation Romance,,
115713,264660,Ex Machina (2015),Drama Sci-Fi Thriller,,
116169,44092,Reign of Assassins (2010),Action,,
116207,185567,Zulu (2013),Crime Drama Thriller,,
116419,256092,Drive Hard (2014),Action Comedy Crime,,
116797,205596,The Imitation Game (2014),Drama Thriller War,,
116799,171274,Inherent Vice (2014),Comedy Crime Drama Mystery Romance,,
116817,244403,Rudderless (2014),Comedy Drama,,
116823,131631,The Hunger Games: Mockingjay - Part 1 (2014),Adventure Sci-Fi Thriller,,
116887,147441,Exodus: Gods and Kings (2014),Action Adventure Drama,,
116977,100042,Dumb and Dumber To (2014),Comedy,,
117176,266856,The Theory of Everything (2014),Drama Romance,,
117466,205775,In the Heart of the Sea (2015),Action Adventure Drama,,
117529,135397,Jurassic World (2015),Action Adventure Drama Sci-Fi Thriller,,
117590,227159,Horrible Bosses 2 (2014),Comedy Crime,,
117851,270946,Penguins of Madagascar (2014),Adventure Animation Children Comedy,,
117881,284293,Still Alice (2014),Drama,,
117887,116149,Paddington (2014),Children Comedy,,
117895,294254,Maze Runner: Scorch Trials (2015),Action Thriller,,
118248,297596,Dying of the Light (2014),Drama Thriller,,
118354,245916,Kill the Messenger (2014),Crime Drama Mystery Thriller,,
118696,122917,The Hobbit: The Battle of the Five Armies (2014),Adventure Fantasy,,
118700,273895,Selma (2014),Drama,,
118702,227306,Unbroken (2014),Drama War,,
118862,137347,Closer to the Moon (2013),Comedy Drama,,
118900,228970,Wild (2014),Drama,,
118924,284296,Top Five (2014),Comedy,,
118985,87093,Big Eyes (2014),Drama,,
118997,224141,Into the Woods (2014),Children Comedy Fantasy Musical,,
119141,228967,The Interview (2014),Action Comedy,,
119155,181533,Night at the Museum: Secret of the Tomb (2014),Adventure Children Comedy Fantasy,,
119655,68737,Seventh Son (2014),Adventure Children Fantasy,,
120466,198184,Chappie (2015),Action Thriller,,
120635,260346,Taken 3 (2015),Action Crime Thriller,,
120637,201088,Blackhat (2015),Action Crime Drama Mystery Thriller,,
120799,87101,Terminator Genisys (2015),Action Adventure Sci-Fi Thriller,,
121231,270303,It Follows (2014),Horror,,
122490,256740,Wicked Blood (2014),Action Drama Thriller,,
122882,76341,Mad Max: Fury Road (2015),Action Adventure Sci-Fi Thriller,,
122884,280092,Insidious: Chapter 3 (2015),Fantasy Horror Thriller,,
122888,271969,Ben-hur (2016),(no genres listed),,
122890,68735,Warcraft (2016),Action Adventure Fantasy,,
122892,99861,Avengers: Age of Ultron (2015),Action Adventure Sci-Fi,,
122900,102899,Ant-Man (2015),Action Adventure Sci-Fi,,
122902,166424,Fantastic Four (2015),Action Adventure Fantasy Sci-Fi,,
122904,293660,Deadpool (2016),Action Adventure Comedy Sci-Fi,,
122920,271110,Captain America: Civil War (2016),Action Sci-Fi Thriller,,
122924,246655,X-Men: Apocalypse (2016),Action Adventure Fantasy Sci-Fi,,
122932,268171,Elsa & Fred (2014),Children Comedy Romance,,
123553,252360,In the Name of the King III (2014),Action Adventure Drama Fantasy,,
124859,284536,The Gambler (2014),Crime Drama Thriller,,
125914,210860,Mortdecai (2015),Adventure Comedy Mystery Romance,,
125916,216015,Fifty Shades of Grey (2015),Drama Romance,,
126420,250066,American Heist (2015),Action,,
126548,272693,The DUFF (2015),Comedy,,
127096,227719,Project Almanac (2015),Sci-Fi Thriller,,
127108,167073,Brooklyn (2015),Drama Romance,,
127132,309503,Zipper (2015),Drama Thriller,,
127198,308639,Dope (2015),Comedy Drama,,
128360,273248,The Hateful Eight (2015),Western,,
128488,265208,Wild Card (2015),Action Crime Drama Thriller,,
128512,286565,Paper Towns (2015),Drama Mystery Romance,,
128592,241251,The Boy Next Door (2015),Mystery Thriller,,
128832,206296,The Last Five Years (2014),Comedy Drama Musical Romance,,
128975,243938,Hot Tub Time Machine 2 (2015),Comedy Sci-Fi,,
129354,256591,Focus (2015),Comedy Crime Drama Romance,,
129428,268238,The Second Best Exotic Marigold Hotel (2015),Comedy Drama,,
129659,228203,"McFarland, USA (2015)",Drama,,
129737,239573,Unfinished Business (2015),Comedy,,
129937,241554,Run All Night (2015),Action Crime Drama Thriller,,
130073,150689,Cinderella (2015),Children Drama Fantasy Romance,,
130450,266647,Pan (2015),Adventure Children Fantasy,,
130452,252512,While We're Young (2014),Comedy Drama,,
130490,262500,Insurgent (2015),Action Sci-Fi Thriller,,
130520,228161,Home (2015),Adventure Animation Children Comedy Fantasy Sci-Fi,,
130576,245703,Midnight Special (2015),Drama Sci-Fi,,
130578,266396,"Gunman, The (2015)",Action Thriller,,
130634,168259,Furious 7 (2015),Action Crime Thriller,,
131013,257091,Get Hard (2015),Comedy Crime,,
131796,304357,Woman in Gold (2015),Drama,,
132046,158852,Tomorrowland (2015),Action Adventure Children Mystery Sci-Fi,,
132157,256961,Paul Blart: Mall Cop 2 (2015),Action Comedy Crime,,
132422,278316,Da Sweet Blood of Jesus (2014),Comedy Romance Thriller,,
132424,228205,The Longest Ride (2015),Drama Romance,,
132496,256924,Danny Collins (2015),Comedy Drama,,
132796,254128,San Andreas (2015),Action Drama Thriller,,
133419,254470,Pitch Perfect 2 (2015),Comedy,,
133782,287424,Maggie (2015),Drama Horror Thriller,,
133798,268920,Hot Pursuit (2015),Action Comedy,,
133802,223485,Slow West (2015),Action Thriller Western,,
133832,171424,The Green Inferno (2014),Horror Thriller,,
134130,286217,The Martian (2015),Adventure Drama Sci-Fi,,
134246,334074,Survivor (2015),Action Thriller,,
134393,271718,Trainwreck (2015),Comedy Romance,,
134528,222936,Aloha (2015),Comedy Drama Romance,,
134775,300168,Dragon Blade (2015),Action Adventure Drama,,
134853,150540,Inside Out (2015),Adventure Animation Children Comedy Drama Fantasy,,
135133,131634,The Hunger Games: Mockingjay - Part 2 (2015),Adventure Sci-Fi,,
135137,257344,Pixels (2015),Action Comedy Sci-Fi,,
135436,328111,The Secret Life of Pets (2016),Animation Comedy,,
135518,238615,Self/less (2015),Action Mystery Sci-Fi Thriller,,
135532,274854,The Last Witch Hunter (2015),Action Adventure Fantasy,,
135534,287903,Krampus (2015),Comedy Fantasy Horror,,
135536,297761,Suicide Squad (2016),Action Crime Sci-Fi,,
135567,47933,Independence Day: Resurgence (2016),Action Adventure Sci-Fi,,
135569,188927,Star Trek Beyond (2016),Action Adventure Sci-Fi,,
135861,214756,Ted 2 (2015),Comedy,,
135887,211672,Minions (2015),Adventure Animation Children Comedy,,
136016,105864,The Good Dinosaur (2015),Adventure Animation Children Comedy Fantasy,,
136018,261023,Black Mass (2015),Crime Drama,,
136020,206647,Spectre (2015),Action Adventure Crime,,
136471,74510,Kevin Hart: Laugh at My Pain (2011),Comedy Documentary,,
136540,85860,The FP (2012),Comedy,,
136562,321697,Steve Jobs (2015),Drama,,
136598,296099,Vacation (2015),Adventure Comedy,,
136654,254024,The Face of an Angel (2015),Drama,,
136859,79698,The Lovers (2015),Action Adventure Romance Sci-Fi,,
136864,209112,Batman v Superman: Dawn of Justice (2016),Action Adventure Fantasy Sci-Fi,,
137595,264999,Magic Mike XXL (2015),Comedy Drama,,
137857,278927,The Jungle Book (2016),Adventure Drama Fantasy,,
138036,203801,The Man from U.N.C.L.E. (2015),Action Adventure Comedy,,
138208,285783,The Walk (2015),Adventure Drama Thriller,,
138210,300671,13 Hours (2016),Drama,,
138546,301748,The Opposite Sex (2014),Comedy,,
138610,299245,The Gallows (2015),Horror Thriller,,
139385,281957,The Revenant (2015),Adventure Drama,,
139642,307081,Southpaw (2015),Action Drama,,
139644,273481,Sicario (2015),Crime Drama Mystery,,
139855,291270,Anomalisa (2015),Animation Comedy Fantasy,,
140110,257211,The Intern (2015),Comedy,,
140174,264644,Room (2015),Drama,,
140247,328425,The Gift (2015),Drama Horror,,
140267,310131,The Witch (2015),Horror,,
140523,298312,"Visit, The (2015)",Comedy Horror,,
140525,290751,Secret in Their Eyes (2015),Crime Drama Mystery,,
140715,277216,Straight Outta Compton (2015),Drama,,
140928,274479,Joy (2015),Comedy Drama,,
141004,228066,Victor Frankenstein (2015),Drama Horror Sci-Fi,,
141688,276907,Legend (2015),Crime Thriller,,
141866,313922,Green Room (2015),(no genres listed),,
142372,10317,Our Brand Is Crisis (2015),Comedy Drama,,
142448,253412,Everest (2015),Adventure Drama Thriller,,
142488,314365,Spotlight (2015),Thriller,,
142536,295964,Burnt (2015),Drama,,
142997,159824,Hotel Transylvania 2 (2015),Animation Comedy,,
143245,309809,The Little Prince (2015),Animation Fantasy,,
143385,296098,Bridge of Spies (2015),Drama Thriller,,
143472,244316,Into the Grizzly Maze (2015),Action Horror Thriller,,
143859,270487,"Hail, Caesar! (2016)",Comedy,,
144606,4912,Confessions of a Dangerous Mind (2002),Comedy Crime Drama Romance Thriller,,
144620,257445,Goosebumps (2015),Adventure Comedy Horror,,
145839,321741,Concussion (2015),Drama,,
145935,227973,"Peanuts Movie, The (2015)",Adventure Animation Children Comedy,,
146656,312221,Creed (2015),Drama,,
148172,299687,The 5th Wave (2016),Adventure Sci-Fi Thriller,,
148626,318846,"Big Short, The (2015)",Drama,,
148652,347969,The Ridiculous 6 (2015),Comedy Western,,
148888,329833,Zoolander 2 (2016),Comedy,,
148956,259694,How to Be Single (2016),Comedy Romance,,
149352,274167,Daddy's Home (2015),Comedy,,
149406,140300,Kung Fu Panda 3 (2016),Action Adventure Animation,,
149612,256687,Swelter (2014),Action Drama Thriller,,
149830,58431,Pride and Prejudice and Zombies (2016),Comedy Horror Romance Thriller,,
150401,325173,Close Range (2015),Action Crime,,
151315,323675,Ride Along 2 (2016),Action Comedy,,
151455,319888,Eddie the Eagle (2016),Comedy,,
151557,273899,Stonewall (2015),Drama,,
151687,335778,Risen (2016),Children Drama,,
151739,291870,Dirty Grandpa (2016),Comedy,,
151777,300673,The Finest Hours (2016),Drama Thriller,,
152063,205584,Gods of Egypt (2016),Adventure Fantasy,,
152071,323677,Race (2016),Drama,,
152077,333371,10 Cloverfield Lane (2016),Thriller,,
152079,267860,London Has Fallen (2016),Action Crime Thriller,,
152591,365222,Ip Man 3 (2015),Action,,
155064,301365,The Neon Demon (2016),Drama Horror Mystery,,
155659,315664,Florence Foster Jenkins (2016),Comedy Drama,,
155743,302688,My Big Fat Greek Wedding 2 (2016),Comedy,,
155820,342521,Keanu (2016),Comedy,,
156607,290595,The Huntsman Winter's War (2016),Action Adventure Drama Fantasy,,
156609,325133,Neighbors 2: Sorority Rising (2016),Comedy,,
157200,303858,Money Monster (2016),Drama Thriller,,
157312,323676,The Boss (2016),Comedy,,
157340,153518,The Angry Birds Movie (2016),Animation Comedy,,
157407,332411,I Am Wrath (2016),Action Crime Drama Thriller,,
158528,332567,The Shallows (2016),Drama Thriller,,
158813,241259,Alice Through the Looking Glass (2016),Adventure Children Fantasy,,
158830,267935,The BFG (2016),Children Fantasy,,
158872,223702,Sausage Party (2016),Animation Comedy,,
159061,293670,The Wailing (2016),Mystery Thriller,,
159093,291805,Now You See Me 2 (2016),Action Comedy Thriller,,
159690,308531,Teenage Mutant Ninja Turtles: Out of the Shadows (2016),Action Adventure Comedy,,
159858,259693,The Conjuring 2 (2016),Horror,,
160080,43074,Ghostbusters (2016),Action Comedy Horror Sci-Fi,,
160271,302699,Central Intelligence (2016),Action Comedy,,
160438,324668,Jason Bourne (2016),Action,,
160440,278348,The Maid's Room (2014),Thriller,,
160563,258489,The Legend of Tarzan (2016),Action Adventure,,
160565,316727,The Purge: Election Year (2016),Action Horror Sci-Fi,,
160571,345911,Lights Out (2016),Horror,,
160573,294272,Pete's Dragon (2016),Adventure Children Fantasy,,
160644,340611,Indignation (2016),Drama,,
160954,328387,Nerve (2016),Drama Thriller,,
161127,325789,The Infiltrator (2016),Crime Drama,,
161580,376659,Bad Moms (2016),Comedy,,
163056,315011,Shin Godzilla (2016),Action Adventure Fantasy Sci-Fi,,
